Index,Title,Link
0,Euclidean rhythms?,/topic/14021/euclidean-rhythms
1,Patch for playing 3-note chords in Just Intonation,/topic/14730/patch-for-playing-3-note-chords-in-just-intonation
2,DJ/VJ scratching system,/topic/4866/dj-vj-scratching-system
3,Basic Beats & Synth patch. Easy start doing music.,/topic/14503/basic-beats-synth-patch-easy-start-doing-music
4,Plugdata: 3 values Interpolation patch (added Scale version - imo ultra dumb)),/topic/14679/plugdata-3-values-interpolation-patch-added-scale-version-imo-ultra-dumb
5,Bytechip Automaton - Combining Automatonism v3.0 + Bytechip equations.,/topic/12638/bytechip-automaton-combining-automatonism-v3-0-bytechip-equations
6,multi-room mixer patch,/topic/14682/multi-room-mixer-patch
7,Purr Data sprite game,/topic/13081/purr-data-sprite-game
8,hAcKAI LPureData 8 - Pd editor for AKAI LPD8,/topic/10372/hackai-lpuredata-8-pd-editor-for-akai-lpd8
9,12 row patch - Total serialism question,/topic/14626/12-row-patch-total-serialism-question
10,mtsb - a variable step size sequencer - inspired by Mark Fell's work,/topic/14579/mtsb-a-variable-step-size-sequencer-inspired-by-mark-fell-s-work
11,"record/playback continuous control values (vanilla, without [list])",/topic/14577/record-playback-continuous-control-values-vanilla-without-list
12,Interactive pole-zero-diagram for basic filter design,/topic/13779/interactive-pole-zero-diagram-for-basic-filter-design
13,Avoid clicks controlling Time Delay with MIDI Knob,/topic/14568/avoid-clicks-controlling-time-delay-with-midi-knob
14,Plants play,/topic/14558/plants-play
15,Map Object,/topic/6007/map-object
16,Is it possible to group different soundfiles in only one message?,/topic/14522/is-it-possible-to-group-different-soundfiles-in-only-one-message
17,Automatic animation of standard gem grafic objects.,/topic/14504/automatic-animation-of-standard-gem-grafic-objects
18,Seeking Creative Solutions for MIDI Data Manipulation in Pure Data Extended,/topic/14455/seeking-creative-solutions-for-midi-data-manipulation-in-pure-data-extended
19,BPM stretchable audio looper,/topic/14451/bpm-stretchable-audio-looper
20,looking for good drum synths,/topic/9511/looking-for-good-drum-synths
21,12 Tone Row generator,/topic/14424/12-tone-row-generator
22,"bytebeat and dynamic repatching, PD as a livecode environment",/topic/14429/bytebeat-and-dynamic-repatching-pd-as-a-livecode-environment
23,Pure data patch(payment included),/topic/14420/pure-data-patch-payment-included
24,Installation patch and help with pathnames,/topic/14417/installation-patch-and-help-with-pathnames
25,This topic is deleted!,/topic/14390
26,Futurhythmachine (drum mangler type patch),/topic/14164/futurhythmachine-drum-mangler-type-patch
27,"Ganymede: an 8-track, semi-automatic samples-looper and percussion instrument based on modulus instead of metro",/topic/13593/ganymede-an-8-track-semi-automatic-samples-looper-and-percussion-instrument-based-on-modulus-instead-of-metro
28,Meditation background generator,/topic/4622/meditation-background-generator
29,understanding a simple feedback oscillator,/topic/14352/understanding-a-simple-feedback-oscillator
30,Akai APC Mini MIDI Guitar,/topic/14332/akai-apc-mini-midi-guitar
31,[mscale] – Transpose notes according to given scale and root,/topic/11722/mscale-transpose-notes-according-to-given-scale-and-root
32,Realistic swash sound generator,/topic/6984/realistic-swash-sound-generator
33,Generative slashi bubu patch using Automatonism system,/topic/12605/generative-slashi-bubu-patch-using-automatonism-system
34,line~ driven audio player,/topic/14243/line-driven-audio-player
35,Uranus- a polyphonic synth for Automatonism,/topic/14283/uranus-a-polyphonic-synth-for-automatonism
36,Tap Tempo,/topic/14254/tap-tempo
37,Simple wavetable polyphonic piano,/topic/14246/simple-wavetable-polyphonic-piano
38,[mimba] physical modelling synth,/topic/14112/mimba-physical-modelling-synth
39,EVE-inspired Vocoder Patch,/topic/14170/eve-inspired-vocoder-patch
40,Steinberg Houston -> Mackie Universal Pro emulation,/topic/14043/steinberg-houston-mackie-universal-pro-emulation
41,Colour tracking in GEM,/topic/14155/colour-tracking-in-gem
42,question about the metronome,/topic/14135/question-about-the-metronome
43,Print my Patch window,/topic/14125/print-my-patch-window
44,Ofelia GLSL Video Effects,/topic/12152/ofelia-glsl-video-effects
45,Where is the iemlib [filter~]?,/topic/14104/where-is-the-iemlib-filter
46,PD with keyboard control only,/topic/14083/pd-with-keyboard-control-only
47,Broken Square Waves?,/topic/14073/broken-square-waves
48,picodrumz - extremely simple drum module,/topic/13555/picodrumz-extremely-simple-drum-module
49,Trying to program ADSR Envelope but doesn't work,/topic/14031/trying-to-program-adsr-envelope-but-doesn-t-work
50,Fourier analysis,/topic/13982/fourier-analysis
51,[NEWBIE] pass list,/topic/14001/newbie-pass-list
52,Piloslib from akunull,/topic/13998/piloslib-from-akunull
53,Simple Physical modeling equations,/topic/13773/simple-physical-modeling-equations
54,learning PD early patch,/topic/13971/learning-pd-early-patch
55,Underwater - metaballs patch,/topic/13939/underwater-metaballs-patch
56,This topic is deleted!,/topic/13938
57,FM Feedback Hack,/topic/10864/fm-feedback-hack
58,Transposing delay,/topic/13901/transposing-delay
59,summer: an additive synthesizer with per-partial ADSR amplitude envelopes & LFOs,/topic/13894/summer-an-additive-synthesizer-with-per-partial-adsr-amplitude-envelopes-lfos
60,Ewolverine 4 U,/topic/9227/ewolverine-4-u
61,"Granular sampler  ""Granular21""",/topic/13271/granular-sampler-granular21
62,Waveguide Wind Instruments: building blocks needed!,/topic/13857/waveguide-wind-instruments-building-blocks-needed
63,Experimental wavetable oscillator synth,/topic/5587/experimental-wavetable-oscillator-synth
64,Patch for making markov chains from midi files in the web and sending them to a midi device.,/topic/13836/patch-for-making-markov-chains-from-midi-files-in-the-web-and-sending-them-to-a-midi-device
65,Launchpad4Oktatrack,/topic/13819/launchpad4oktatrack
66,FreeCAD physical movements computed by pmpd + FCPDWorkbench,/topic/13786/freecad-physical-movements-computed-by-pmpd-fcpdworkbench
67,Nord Drum 3p Editor,/topic/13788/nord-drum-3p-editor
68,The miniwoog,/topic/8108/the-miniwoog
69,Polyphonic Guitar Synth,/topic/8069/polyphonic-guitar-synth
70,Sinesum tool with phase and frequency shifting,/topic/13738/sinesum-tool-with-phase-and-frequency-shifting
71,Another modulation technique (experimenting with wavesets),/topic/13701/another-modulation-technique-experimenting-with-wavesets
72,"quick simple pd drawing patch, for someone on Reddit",/topic/13721/quick-simple-pd-drawing-patch-for-someone-on-reddit
73,Patch for Halloween,/topic/13692/patch-for-halloween
74,Wind and Rain....,/topic/12548/wind-and-rain
75,Little Granular Patch (my first PD thing),/topic/13671/little-granular-patch-my-first-pd-thing
76,Simplesequencer,/topic/13661/simplesequencer
77,Preset system using savestate and an array!,/topic/13656/preset-system-using-savestate-and-an-array
78,Snail... a pure data patch for slow sounds,/topic/13177/snail-a-pure-data-patch-for-slow-sounds
79,additive sine-synth thing,/topic/13327/additive-sine-synth-thing
80,bangOf10 - denary bang generator,/topic/13553/bangof10-denary-bang-generator
81,Hatshepsut - Drum machine synthesizer in Pure Data [extended],/topic/12545/hatshepsut-drum-machine-synthesizer-in-pure-data-extended
82,Vanilla struct multislider with jump on click and drag,/topic/10756/vanilla-struct-multislider-with-jump-on-click-and-drag
83,cannot reset the counter,/topic/13529/cannot-reset-the-counter
84,'live' patch for bowed string instruments,/topic/13407/live-patch-for-bowed-string-instruments
85,16 track looper on pi controlling 3 arduinos (one via Bluetooth),/topic/13526/16-track-looper-on-pi-controlling-3-arduinos-one-via-bluetooth
86,Squarp rample controller,/topic/13515/squarp-rample-controller
87,sample based Drum Machine with pre-sequenced grooves,/topic/13478/sample-based-drum-machine-with-pre-sequenced-grooves
88,Updated Drum Machine Patch with Samples for Mobmuplat,/topic/13477/updated-drum-machine-patch-with-samples-for-mobmuplat
89,So somebody built a game of Pac-Man in Pure Data...,/topic/9891/so-somebody-built-a-game-of-pac-man-in-pure-data
90,4 Note On MIDI Messages to different OSC paths,/topic/13414/4-note-on-midi-messages-to-different-osc-paths
91,simple audio mixer,/topic/13400/simple-audio-mixer
92,Simple array animation,/topic/13392/simple-array-animation
93,Pulsar Generator,/topic/13388/pulsar-generator
94,Using Pd to remote control OBS,/topic/13387/using-pd-to-remote-control-obs
95,Trying to reproduce a sound with Pd,/topic/13373/trying-to-reproduce-a-sound-with-pd
96,demos for a rotary club,/topic/13359/demos-for-a-rotary-club
97,MPC-Style sampleplayer with banks,/topic/13353/mpc-style-sampleplayer-with-banks
98,"Metro beat time, with phase",/topic/13337/metro-beat-time-with-phase
99,stutter FX like MAX's stutter~ object or other similar stuff?,/topic/13334/stutter-fx-like-max-s-stutter-object-or-other-similar-stuff
100,First project with PD! A basic drum sequencer with mobmuplat!,/topic/13335/first-project-with-pd-a-basic-drum-sequencer-with-mobmuplat
101,"Just Another (Drum) Sequencer...SortOf, codename: Virgo",/topic/13325/just-another-drum-sequencer-sortof-codename-virgo
102,"JASS, Just Another Synth...Sort-of, codename: Gemini (UPDATED: esp with midi fixes)",/topic/13070/jass-just-another-synth-sort-of-codename-gemini-updated-esp-with-midi-fixes
103,The limit of 100 to the average object?,/topic/13232/the-limit-of-100-to-the-average-object
104,Benjolin on Rpi?,/topic/13242/benjolin-on-rpi
105,Game of Life - new attempt,/topic/13181/game-of-life-new-attempt
106,soundscape layering - looking for input!,/topic/13211/soundscape-layering-looking-for-input
107,Looking for help for optimisation of Karlsen 24 db ladder filter,/topic/13202/looking-for-help-for-optimisation-of-karlsen-24-db-ladder-filter
108,Fairly efficient analog drums,/topic/1025/fairly-efficient-analog-drums
109,Synthesis OSC,/topic/13185/synthesis-osc
110,Karplus-Strong Piano // Pure Data Instrument,/topic/12331/karplus-strong-piano-pure-data-instrument
111,Matrix sequencer - using both Akai APC mini and Akai Midimix,/topic/13190/matrix-sequencer-using-both-akai-apc-mini-and-akai-midimix
112,PureData - Random Mess,/topic/13000/puredata-random-mess
113,NoxSiren - Modular synthesizer system <- [v15],/topic/13122/noxsiren-modular-synthesizer-system-v15
114,talkbox vs vocoder vs timber pasting ?,/topic/13161/talkbox-vs-vocoder-vs-timber-pasting
115,This topic is deleted!,/topic/13172
116,Can't figure out how to make arpeggio,/topic/13170/can-t-figure-out-how-to-make-arpeggio
117,Boran-Ri'in Frequency Modulation (BRFM) implementation using NoxSiren system <- [v9.0],/topic/13169/boran-ri-in-frequency-modulation-brfm-implementation-using-noxsiren-system-v9-0
118,LIRA•8 VST & Pd Patch // Organismic Synthesizer,/topic/13048/lira-8-vst-pd-patch-organismic-synthesizer
119,Reproducing Moog's DFAM,/topic/12361/reproducing-moog-s-dfam
120,Kor'in - Advance 6-voice polyphonic synthesizer made with NoxSiren [v4.0],/topic/13137/kor-in-advance-6-voice-polyphonic-synthesizer-made-with-noxsiren-v4-0
121,Conways Game of Life made with Ofelia,/topic/11826/conways-game-of-life-made-with-ofelia
122,Akhenaten - Plucked/String generator <- [v1.0],/topic/13114/akhenaten-plucked-string-generator-v1-0
123,16x oversampled: GuitarToy,/topic/12950/16x-oversampled-guitartoy
124,Nek'Sum - An advanced drone/texture monophonic synthesizer <- [v6.0] + // Mandarin Edition //,/topic/13076/nek-sum-an-advanced-drone-texture-monophonic-synthesizer-v6-0-mandarin-edition
125,Octopus,/topic/12688/octopus
126,polyphonic step sequencer,/topic/13019/polyphonic-step-sequencer
127,"s3s: ""simple three stack"" guitar pedalboard/stompbox utilizing three fx1000 (multi-effect pedal) abstractions",/topic/12777/s3s-simple-three-stack-guitar-pedalboard-stompbox-utilizing-three-fx1000-multi-effect-pedal-abstractions
128,My first massive project a 37 minute history and break down video on my patch OverBlast,/topic/12978/my-first-massive-project-a-37-minute-history-and-break-down-video-on-my-patch-overblast
129,This topic is deleted!,/topic/12982
130,0xB105FOOD - Experimental music/texture generator using bytechip equations [v1-alpha],/topic/12647/0xb105food-experimental-music-texture-generator-using-bytechip-equations-v1-alpha
131,ofelia test grid,/topic/11792/ofelia-test-grid
132,spiritditch // multitap delay based on Intellijel Rainmaker. Desktop + iPad versions,/topic/12381/spiritditch-multitap-delay-based-on-intellijel-rainmaker-desktop-ipad-versions
133,Synthesis Pack 2 - Collection of advanced synthesis methods.,/topic/12933/synthesis-pack-2-collection-of-advanced-synthesis-methods
134,"PurrData random sequencer ""Kaoss-Seq""",/topic/12896/purrdata-random-sequencer-kaoss-seq
135,Synthesis Pack - Collection of synthesis methods.,/topic/12904/synthesis-pack-collection-of-synthesis-methods
136,Amidala - A subtractive synthesizer.,/topic/12899/amidala-a-subtractive-synthesizer
137,Minsa - A top secret machine that will make your soul digital.,/topic/12869/minsa-a-top-secret-machine-that-will-make-your-soul-digital
138,vanilla partitioned convolution abstraction,/topic/11842/vanilla-partitioned-convolution-abstraction
139,Looking for Car Racing Sound Patch,/topic/12860/looking-for-car-racing-sound-patch
140,"just my first ""my first actual patch that im proud of""/ baby autechre thing sharing because :)",/topic/12765/just-my-first-my-first-actual-patch-that-im-proud-of-baby-autechre-thing-sharing-because
141,Patches collection,/topic/12848/patches-collection
142,CloudMachine - Ambisonic granular synthesizer - + other spat experimentations,/topic/12795/cloudmachine-ambisonic-granular-synthesizer-other-spat-experimentations
143,TitanOceans - Module for making methane oceans soundscapes.,/topic/12827/titanoceans-module-for-making-methane-oceans-soundscapes
144,Boran Blix - ER-101 <- A Romantic Saturday night patch.,/topic/12818/boran-blix-er-101-a-romantic-saturday-night-patch
145,Here is my beephop machine,/topic/12771/here-is-my-beephop-machine
146,Minx,/topic/12808/minx
147,CasimirWaveMaker-2 - module for making waves soundscapes.,/topic/12796/casimirwavemaker-2-module-for-making-waves-soundscapes
148,WaveMaker - A module for making waves soundscapes.,/topic/12789/wavemaker-a-module-for-making-waves-soundscapes
149,CasimirWaveMaker - Sequel module for WaveMaker.,/topic/12791/casimirwavemaker-sequel-module-for-wavemaker
150,String Machine  -  Granular,/topic/12677/string-machine-granular
151,Andy Farnell Procedural Patches,/topic/12758/andy-farnell-procedural-patches
152,Copy/Paste different from Max?,/topic/12757/copy-paste-different-from-max
153,vanilla patches of some synthesizers i made last year,/topic/12708/vanilla-patches-of-some-synthesizers-i-made-last-year
154,MIDI input learner for Pure Data,/topic/12344/midi-input-learner-for-pure-data
155,Moving pixel,/topic/12694/moving-pixel
156,unwrap~ object,/topic/12692/unwrap-object
157,A patch to transforme patchs into a set of building instruction. (video explanation),/topic/12690/a-patch-to-transforme-patchs-into-a-set-of-building-instruction-video-explanation
158,Aftertouch last note priority,/topic/12654/aftertouch-last-note-priority
159,coronalay // tape style delay,/topic/12661/coronalay-tape-style-delay
160,Bytechip music - A glitch twisted music using bitwise operations.,/topic/12636/bytechip-music-a-glitch-twisted-music-using-bitwise-operations
161,How to detect a hit on the guitar strings (coming through [adc~]) and use it as a simple bang trigger,/topic/12549/how-to-detect-a-hit-on-the-guitar-strings-coming-through-adc-and-use-it-as-a-simple-bang-trigger
162,3D-animation of Digital Zentangle art using GEM in Pure Data-extended,/topic/12626/3d-animation-of-digital-zentangle-art-using-gem-in-pure-data-extended
163,3D-animation of Zentangle art using GEM in Pure Data-extended,/topic/12625/3d-animation-of-zentangle-art-using-gem-in-pure-data-extended
164,BlurPD - digital logic framework system for Pure Data [v3],/topic/12542/blurpd-digital-logic-framework-system-for-pure-data-v3
165,Guava Rhythm patch using Automatonism v3.0 system,/topic/12619/guava-rhythm-patch-using-automatonism-v3-0-system
166,slashi bubu patch using Automatonism v3.0 system,/topic/12614/slashi-bubu-patch-using-automatonism-v3-0-system
167,Speech Synthesis,/topic/1977/speech-synthesis
168,A patch to do some Pixel art-V2,/topic/12515/a-patch-to-do-some-pixel-art-v2
169,Pure Data and MobMuPlat synth and mobile app design,/topic/12469/pure-data-and-mobmuplat-synth-and-mobile-app-design
170,canvas colors,/topic/9965/canvas-colors
171,[key] ... resolve problem with OS repeating key numbers alternately.,/topic/12543/key-resolve-problem-with-os-repeating-key-numbers-alternately
172,"PELLE8001, even more chaotic music sequencer",/topic/12526/pelle8001-even-more-chaotic-music-sequencer
173,"PELLE8000, chaotic music sequencer",/topic/12517/pelle8000-chaotic-music-sequencer
174,Slice//Jockey for vanilla Pd,/topic/12481/slice-jockey-for-vanilla-pd
175,korg ER-1 stutter / gate sequenzer / LFO / tttremelo / slicer / decay'rrrr,/topic/12494/korg-er-1-stutter-gate-sequenzer-lfo-tttremelo-slicer-decay-rrrr
176,"About my patch ""OverBlast"" a sampler sequencer and its current state.",/topic/12132/about-my-patch-overblast-a-sampler-sequencer-and-its-current-state
177,OverBlast WIP repository Opened,/topic/12492/overblast-wip-repository-opened
178,Phase Shifter and Notch Filter,/topic/12437/phase-shifter-and-notch-filter
179,Gem Patch visualisers?,/topic/12421/gem-patch-visualisers
180,Arperatus,/topic/12378/arperatus
181,Somewhat nice circles using data structures with anti-aliasing implementing Xiaolin Wu circle algorithm (vanilla),/topic/12360/somewhat-nice-circles-using-data-structures-with-anti-aliasing-implementing-xiaolin-wu-circle-algorithm-vanilla
182,Synchronized Video(s) on 4 screens.,/topic/12307/synchronized-video-s-on-4-screens
183,Pixel Player,/topic/8670/pixel-player
184,How can you reorder signal processing on the fly?,/topic/12238/how-can-you-reorder-signal-processing-on-the-fly
185,Bells synth,/topic/12219/bells-synth
186,Ofelia Slitscan and Muybridge experiment,/topic/12207/ofelia-slitscan-and-muybridge-experiment
187,ofelia video delay (with frame buffer),/topic/12189/ofelia-video-delay-with-frame-buffer
188,"Polyphonic Granular patch, looking for some feedback/tips",/topic/12137/polyphonic-granular-patch-looking-for-some-feedback-tips
189,Video and Picture Sonification,/topic/7686/video-and-picture-sonification
190,Fast Walsh-Hadamard Transform,/topic/12173/fast-walsh-hadamard-transform
191,Stereo Butterfly effect (AKA: the WMP SRS-WOW effect),/topic/9645/stereo-butterfly-effect-aka-the-wmp-srs-wow-effect
192,3 shader adaptions: sonogram / vectorscope and conway,/topic/12168/3-shader-adaptions-sonogram-vectorscope-and-conway
193,DNA Sequence (Nucleotide) Player: Converting nucleotide sequences to (midi) Music,/topic/12167/dna-sequence-nucleotide-player-converting-nucleotide-sequences-to-midi-music
194,MusicPlayer extension for the Ofelia effect VideoPlayer ;),/topic/12160/musicplayer-extension-for-the-ofelia-effect-videoplayer
195,buffer synth patch for you,/topic/12038/buffer-synth-patch-for-you
196,reverse reverb,/topic/11590/reverse-reverb
197,Ukulele Sim,/topic/12146/ukulele-sim
198,Sound of Crystals,/topic/12129/sound-of-crystals
199,load audio files into multiple arrays,/topic/11978/load-audio-files-into-multiple-arrays
200,The only MIDI key released,/topic/12116/the-only-midi-key-released
201,Create a Shepard Tone,/topic/12056/create-a-shepard-tone
202,Context 4.0 now on Deken,/topic/11431/context-4-0-now-on-deken
203,Loop Function/Meditative Atmosphere for Sound Installation - Question,/topic/11933/loop-function-meditative-atmosphere-for-sound-installation-question
204,Help explain a list from comport,/topic/12099/help-explain-a-list-from-comport
205,"DIY2 - Effects, Sample players, Synths and Sound Synthesis.",/topic/1877/diy2-effects-sample-players-synths-and-sound-synthesis
206,Send [line~],/topic/12083/send-line
207,Simple Vocoder for class!,/topic/12037/simple-vocoder-for-class
208,abl_link~ midi and audio sync setup,/topic/12036/abl_link-midi-and-audio-sync-setup
209,a-drum-kit,/topic/8834/a-drum-kit
210,Simple but fully interactive Synth,/topic/12002/simple-but-fully-interactive-synth
211,Translation waveguide models from STK to PD,/topic/11989/translation-waveguide-models-from-stk-to-pd
212,"Kraken a low-cpu, compact, highly versatile guitar effects stompbox",/topic/11999/kraken-a-low-cpu-compact-highly-versatile-guitar-effects-stompbox
213,Messages and numbers to ascii numbers and viceversa with Pyext.,/topic/11389/messages-and-numbers-to-ascii-numbers-and-viceversa-with-pyext
214,Asking for support about simple keyboard patсh.,/topic/11977/asking-for-support-about-simple-keyboard-patсh
215,Arpeggiator using [text],/topic/11960/arpeggiator-using-text
216,Phase Distortion,/topic/11919/phase-distortion
217,Sound Effects Issues,/topic/11917/sound-effects-issues
218,Parody- vanilla analog fakery,/topic/11488/parody-vanilla-analog-fakery
219,Information about MIDI pad light status,/topic/11874/information-about-midi-pad-light-status
220,Custom Fonts,/topic/11888/custom-fonts
221,Lua Midi Markov,/topic/11864/lua-midi-markov
222,Generative Music with Vulcan BX Drum Machine Synthesizer,/topic/11879/generative-music-with-vulcan-bx-drum-machine-synthesizer
223,Lua / Ofelia Markov Generator Patch / Abstraction,/topic/11859/lua-ofelia-markov-generator-patch-abstraction
224,VulcanBX Drum Machine Synthesizer using Pure Data Extended update 1,/topic/11849/vulcanbx-drum-machine-synthesizer-using-pure-data-extended-update-1
225,VulcanBX Drum Machine Synthesizer using Pure Data Extended,/topic/11846/vulcanbx-drum-machine-synthesizer-using-pure-data-extended
226,Noise filter for microphone (Live Audio),/topic/9425/noise-filter-for-microphone-live-audio
227,"patch recreation of Native Instruments' Kontakt's ""authentic expression technology""",/topic/11734/patch-recreation-of-native-instruments-kontakt-s-authentic-expression-technology
228,Bug in Pd Patch,/topic/11682/bug-in-pd-patch
229,A vanilla patch I made while browsing the internet,/topic/11405/a-vanilla-patch-i-made-while-browsing-the-internet
230,Context sequencer v3.0.1,/topic/10687/context-sequencer-v3-0-1
231,Reverberation,/topic/11622/reverberation
232,[sketch] -- a tool for drawing custom arrays,/topic/10967/sketch-a-tool-for-drawing-custom-arrays
233,effiscient Fuzz effect ?,/topic/11616/effiscient-fuzz-effect
234,daft punk vocoder ?,/topic/11573/daft-punk-vocoder
235,Vocoder,/topic/3270/vocoder
236,write sliders value to a block ?,/topic/11565/write-sliders-value-to-a-block
237,how to treat upper and lower part of audio differently ?,/topic/11563/how-to-treat-upper-and-lower-part-of-audio-differently
238,Two vanilla delay based patches,/topic/11554/two-vanilla-delay-based-patches
239,Luclydean :::> Euclidean Step Sequencer with Camomile,/topic/11529/luclydean-euclidean-step-sequencer-with-camomile
240,Bbcut,/topic/3666/bbcut
241,Égrégore,/topic/9566/égrégore
242,Phase distortion synthesis and viariable sawtooth,/topic/11502/phase-distortion-synthesis-and-viariable-sawtooth
243,Scalar keyboard for Purr Data,/topic/11498/scalar-keyboard-for-purr-data
244,fft analysis,/topic/11417/fft-analysis
245,AudioToMidiMarkovSampleSynth,/topic/11421/audiotomidimarkovsamplesynth
246,AudioMarkov,/topic/11414/audiomarkov
247,purr-data patch: Noteeditor,/topic/11396/purr-data-patch-noteeditor
248,Ofelia Sample Player,/topic/11393/ofelia-sample-player
249,Stomp-board my current project,/topic/11373/stomp-board-my-current-project
250,purr-data patch Seq16,/topic/11358/purr-data-patch-seq16
251,not funny...,/topic/11352/not-funny
252,Does anyone have a simple sound manipulating patch fit for piano in jazz trio context?,/topic/10568/does-anyone-have-a-simple-sound-manipulating-patch-fit-for-piano-in-jazz-trio-context
253,Andy Stoke's Granular.pd Patch - help!,/topic/11348/andy-stoke-s-granular-pd-patch-help
254,purr-data: 8 Track - Stereo LV2-Host with data structure controls,/topic/11311/purr-data-8-track-stereo-lv2-host-with-data-structure-controls
255,"MobMuPlat Effects Collection as a Handheld App (adding Noisegate, EQ3, Compressor (pre) and Reverb (post))",/topic/11292/mobmuplat-effects-collection-as-a-handheld-app-adding-noisegate-eq3-compressor-pre-and-reverb-post
256,MobMuPlat Ready Effects Collection (i.e. 30 Vanilla-compliant MMP effects) w GUI,/topic/11290/mobmuplat-ready-effects-collection-i-e-30-vanilla-compliant-mmp-effects-w-gui
257,my first ofelia patch,/topic/11271/my-first-ofelia-patch
258,PDPoint: PowerPoint presentations for PD,/topic/11279/pdpoint-powerpoint-presentations-for-pd
259,Lissajous Midi Sequencer,/topic/10876/lissajous-midi-sequencer
260,"MobMuPlat OSC-to-MIDI Remote Control, spec. for PD, Guitarix, and Rakarrack and other guitar effects apps",/topic/11263/mobmuplat-osc-to-midi-remote-control-spec-for-pd-guitarix-and-rakarrack-and-other-guitar-effects-apps
261,A problem about table oscillator on pd_intro,/topic/11221/a-problem-about-table-oscillator-on-pd_intro
262,Mumble and Gremlins,/topic/10523/mumble-and-gremlins
263,Drumcomputer with 3 basssynths to play with (pd-ext.43.4),/topic/11192/drumcomputer-with-3-basssynths-to-play-with-pd-ext-43-4
264,Phase Distortion,/topic/11129/phase-distortion
265,patch with bandwidth limited impulse trains?,/topic/11186/patch-with-bandwidth-limited-impulse-trains
266,Full game audio project for download (Unity + Pure Data + OSC),/topic/11167/full-game-audio-project-for-download-unity-pure-data-osc
267,Onionskin Keyboard,/topic/11152/onionskin-keyboard
268,Noise Patches Question,/topic/11005/noise-patches-question
269,"A drone synth i made utilizing various aspects of frequency modulation, amplitude modulation, additive synthesis, and distortion.",/topic/10955/a-drone-synth-i-made-utilizing-various-aspects-of-frequency-modulation-amplitude-modulation-additive-synthesis-and-distortion
270,In C Sequencer (need help adding different instruments),/topic/11121/in-c-sequencer-need-help-adding-different-instruments
271,Play an IP surveillance camera in PD,/topic/11106/play-an-ip-surveillance-camera-in-pd
272,"Enemy Territory, Fire, Bombs and Mayhem",/topic/354/enemy-territory-fire-bombs-and-mayhem
273,3 MIDI time lag adjustor - patch too complicated?,/topic/11101/3-midi-time-lag-adjustor-patch-too-complicated
274,Spectral Centroid in Pure Data,/topic/11065/spectral-centroid-in-pure-data
275,Preamp/Overdrive/Distortion(for Guitar Effector),/topic/11074/preamp-overdrive-distortion-for-guitar-effector
276,"Attempting to make a vocoder, HELP",/topic/11028/attempting-to-make-a-vocoder-help
277,Vanilla Struct Sequencer,/topic/10734/vanilla-struct-sequencer
278,ArguScore,/topic/10992/arguscore
279,"bounce, a foray into Gem",/topic/10993/bounce-a-foray-into-gem
280,Sigmund~ Parameter_Setter: Use guitar notes to set patch parameters,/topic/10984/sigmund-parameter_setter-use-guitar-notes-to-set-patch-parameters
281,A menu made with the graphical data structures,/topic/10867/a-menu-made-with-the-graphical-data-structures
282,Arrays & adsr env (struct/canvases),/topic/10641/arrays-adsr-env-struct-canvases
283,Algorithmic compositions from one line of code,/topic/10797/algorithmic-compositions-from-one-line-of-code
284,'Pod' a self propelled MIDI sequencer,/topic/10936/pod-a-self-propelled-midi-sequencer
285,A scrolling window idea,/topic/10935/a-scrolling-window-idea
286,Kangtaum - Scriptophonic microtonal metal generator,/topic/10913/kangtaum-scriptophonic-microtonal-metal-generator
287,Dynamic Effect/Plugin Loader esp. For Rapsberry PI (DIY2 and Stamp Album effects/plugins),/topic/10901/dynamic-effect-plugin-loader-esp-for-rapsberry-pi-diy2-and-stamp-album-effects-plugins
288,Chaos sequencer,/topic/10890/chaos-sequencer
289,Spiro Midi Sequencer,/topic/10878/spiro-midi-sequencer
290,Motorcycle,/topic/10882/motorcycle
291,No mouse external - some success,/topic/10838/no-mouse-external-some-success
292,HID (Joystick-FlightStick) + GEM 2d (Cartesian) to 3d (Polar) - Visualizer,/topic/10862/hid-joystick-flightstick-gem-2d-cartesian-to-3d-polar-visualizer
293,"Simple Didgeridoo Player (using 21 Public Domain samples and adjustable transition times between two ""notes"")",/topic/10839/simple-didgeridoo-player-using-21-public-domain-samples-and-adjustable-transition-times-between-two-notes
294,I'm bored and i don't want to continue this synth,/topic/10811/i-m-bored-and-i-don-t-want-to-continue-this-synth
295,Andúril with Pure Data Front-Ends (fwd/bwd looper + 14 effects + elven cloak),/topic/10823/andúril-with-pure-data-front-ends-fwd-bwd-looper-14-effects-elven-cloak
296,Andúril (MobMuPlat app): fwd/bwd looper + 14 effects + elven cloak (control parameters via env~ and pitch as you play),/topic/10821/andúril-mobmuplat-app-fwd-bwd-looper-14-effects-elven-cloak-control-parameters-via-env-and-pitch-as-you-play
297,The Harmonizer: Communal Synthesizer via Wifi-LAN and Mobmuplat,/topic/10808/the-harmonizer-communal-synthesizer-via-wifi-lan-and-mobmuplat
298,markovGenerator: A music generator based on Markov chains with variable length,/topic/10791/markovgenerator-a-music-generator-based-on-markov-chains-with-variable-length
299,Realtime video mapping with LiVES and Pure Data,/topic/4826/realtime-video-mapping-with-lives-and-pure-data
300,Wavetable Drum Machine - repost,/topic/10375/wavetable-drum-machine-repost
301,Can I keep a soundfile from being triggered again until it has finished playing?,/topic/10726/can-i-keep-a-soundfile-from-being-triggered-again-until-it-has-finished-playing
302,Drag-queen sequencer,/topic/10731/drag-queen-sequencer
303,"Audio Ideas (AI) Collection (placeholder, currently only links)-effects, controllers, mmp, etc.",/topic/10739/audio-ideas-ai-collection-placeholder-currently-only-links-effects-controllers-mmp-etc
304,Mbira music generator,/topic/9315/mbira-music-generator
305,spiro-plot,/topic/9560/spiro-plot
306,Open a big stereo wave file in a array/table (+4000000 samples),/topic/10643/open-a-big-stereo-wave-file-in-a-array-table-4000000-samples
307,Did anyone patch an interactive visuals generator?,/topic/9892/did-anyone-patch-an-interactive-visuals-generator
308,live coding at home for fun,/topic/10712/live-coding-at-home-for-fun
309,sawlent hill,/topic/10629/sawlent-hill
310,For those of you with NanoSynths,/topic/10633/for-those-of-you-with-nanosynths
311,normalize~,/topic/10559/normalize
312,Seeking an easy to follow granular delay patch.,/topic/10637/seeking-an-easy-to-follow-granular-delay-patch
313,fat dirty drums,/topic/10657/fat-dirty-drums
314,"Maximo (Guitar Rack) - 6 slots with 1 of 60 effects per slot (using ""abs_effects_router"" + an OSC controller (MobMuPlat)",/topic/10698/maximo-guitar-rack-6-slots-with-1-of-60-effects-per-slot-using-abs_effects_router-an-osc-controller-mobmuplat
315,Wacom tablet for Mac,/topic/3868/wacom-tablet-for-mac
316,Allow my pd patch the bang a certain range with Arduino,/topic/10636/allow-my-pd-patch-the-bang-a-certain-range-with-arduino
317,BPM Guessing Game,/topic/9974/bpm-guessing-game
318,Video projection test pattern generator,/topic/10611/video-projection-test-pattern-generator
319,This topic is deleted!,/topic/10531
320,Randomizing the order of a list,/topic/10520/randomizing-the-order-of-a-list
321,knops and round in vanilla,/topic/10525/knops-and-round-in-vanilla
322,Dataflow Problems,/topic/10496/dataflow-problems
323,Artnet_DMX driven media server,/topic/10502/artnet_dmx-driven-media-server
324,How to capture a specific Midi Note to send OsC,/topic/10491/how-to-capture-a-specific-midi-note-to-send-osc
325,Connector v 2.0 (a really useful patch!),/topic/9973/connector-v-2-0-a-really-useful-patch
326,Need to learn how to make a pd music patch,/topic/10492/need-to-learn-how-to-make-a-pd-music-patch
327,Livid Instruments Code basics patch,/topic/10456/livid-instruments-code-basics-patch
328,need a patch for an audio based controller for sending messages to comport,/topic/10379/need-a-patch-for-an-audio-based-controller-for-sending-messages-to-comport
329,rand~ with vanilla objects,/topic/10404/rand-with-vanilla-objects
330,Super Mario Sound Effects Reproduction,/topic/10396/super-mario-sound-effects-reproduction
331,Microtonal Keyboard Mapper,/topic/9523/microtonal-keyboard-mapper
332,Karplus Strong FM synth,/topic/10298/karplus-strong-fm-synth
333,Need Help importa data to [osc~],/topic/10309/need-help-importa-data-to-osc
334,audio video playback using [gemwin] and [readsf] system needs help,/topic/10300/audio-video-playback-using-gemwin-and-readsf-system-needs-help
335,searchable_pd-help.pd: Search your local pd files according to a string; and output the results to the console,/topic/10296/searchable_pd-help-pd-search-your-local-pd-files-according-to-a-string-and-output-the-results-to-the-console
336,Need help with patch for a glitch project,/topic/10176/need-help-with-patch-for-a-glitch-project
337,special routing,/topic/10243/special-routing
338,Malinette Framework,/topic/9563/malinette-framework
339,Guitar to MIDI using band pass filters,/topic/10224/guitar-to-midi-using-band-pass-filters
340,Working Peaks for VU,/topic/10215/working-peaks-for-vu
341,Any good examples for a convolution reverb,/topic/10205/any-good-examples-for-a-convolution-reverb
342,This topic is deleted!,/topic/10186
343,Oberton Orgel,/topic/10110/oberton-orgel
344,Noch so ein Beispiel für Algoritmische Musik,/topic/10117/noch-so-ein-beispiel-für-algoritmische-musik
345,Orgelpunkt Orgel,/topic/10116/orgelpunkt-orgel
346,Kirchenton Orgel,/topic/10115/kirchenton-orgel
347,Skalen-Fabrik,/topic/10114/skalen-fabrik
348,Automatische Orgel mit Begleitung,/topic/10113/automatische-orgel-mit-begleitung
349,Notch Klavier,/topic/10112/notch-klavier
350,Oberton Orgel II,/topic/10111/oberton-orgel-ii
351,Quinten und Quarten Wege,/topic/10109/quinten-und-quarten-wege
352,How can I make the audio stop playing by press of a button?,/topic/9982/how-can-i-make-the-audio-stop-playing-by-press-of-a-button
353,Light Paiting with GEM,/topic/10041/light-paiting-with-gem
354,How do I produce Audio using Text Files,/topic/10039/how-do-i-produce-audio-using-text-files
355,How do you clear an Array in pure data?,/topic/10034/how-do-you-clear-an-array-in-pure-data
356,gem patch help: MIDI controlled images / pix_multiimage,/topic/10023/gem-patch-help-midi-controlled-images-pix_multiimage
357,change GOP canvas size,/topic/9989/change-gop-canvas-size
358,How can you use sig~ and writesf~ together?,/topic/9987/how-can-you-use-sig-and-writesf-together
359,enable disable subpatches,/topic/9901/enable-disable-subpatches
360,siwtch/case in pd ? (IN VANILLA),/topic/9964/siwtch-case-in-pd-in-vanilla
361,Phaser / Chorus / Flanger,/topic/9942/phaser-chorus-flanger
362,loading random samples,/topic/9824/loading-random-samples
363,Ambiance / industrial / atmospherical drone,/topic/9930/ambiance-industrial-atmospherical-drone
364,Additive synthesis and complex sine waves using a midi pitch,/topic/9928/additive-synthesis-and-complex-sine-waves-using-a-midi-pitch
365,bending MIDI out notes,/topic/9913/bending-midi-out-notes
366,how to get current block size?,/topic/9900/how-to-get-current-block-size
367,This topic is deleted!,/topic/9898
368,TARDIS sound in PD?,/topic/9897/tardis-sound-in-pd
369,reading settings from a file,/topic/9894/reading-settings-from-a-file
370,pass a string to an abstraction,/topic/9889/pass-a-string-to-an-abstraction
371,hanning window out of sync,/topic/9880/hanning-window-out-of-sync
372,MicroKorg Controller,/topic/9848/microkorg-controller
373,Pitch control for engine sound,/topic/9841/pitch-control-for-engine-sound
374,Loop,/topic/9832/loop
375,This topic is deleted!,/topic/9830
376,Non audio stream biquad filter?,/topic/9823/non-audio-stream-biquad-filter
377,Patch Storage,/topic/9738/patch-storage
378,Patch mixer,/topic/9815/patch-mixer
379,Acousmatized Agam,/topic/9752/acousmatized-agam
380,HARMONYNC: a Dynamic Harmonics Calculator,/topic/9740/harmonync-a-dynamic-harmonics-calculator
381,Happy new year,/topic/9748/happy-new-year
382,"autowah (driven by attacks) patch, anyone ?",/topic/9550/autowah-driven-by-attacks-patch-anyone
383,Stamp Album - stamp sized plugin style effects,/topic/9591/stamp-album-stamp-sized-plugin-style-effects
384,Looping station patch/pedal,/topic/9719/looping-station-patch-pedal
385,Graphic EQ,/topic/9709/graphic-eq
386,Help with live video/audio! Motion tracking with audio.,/topic/9697/help-with-live-video-audio-motion-tracking-with-audio
387,ALFALOOP 0.1.2,/topic/8150/alfaloop-0-1-2
388,Glitch Box reactive downsampler,/topic/9468/glitch-box-reactive-downsampler
389,"Simple ""cart"" wav player with folder content listing for Pd-extended",/topic/9608/simple-cart-wav-player-with-folder-content-listing-for-pd-extended
390,Convert a symbol to float,/topic/9584/convert-a-symbol-to-float
391,Tvestroy,/topic/9561/tvestroy
392,pitch shift using delay line,/topic/9558/pitch-shift-using-delay-line
393,Ladspa patch generator,/topic/1854/ladspa-patch-generator
394,kick drum synth module,/topic/9536/kick-drum-synth-module
395,the Context Modular Sequencer (repost),/topic/9417/the-context-modular-sequencer-repost
396,Casio CZ-101 Editor,/topic/9505/casio-cz-101-editor
397,A little bit of Magic... in your life......,/topic/9506/a-little-bit-of-magic-in-your-life
398,501 Darts game,/topic/9500/501-darts-game
399,This topic is deleted!,/topic/9502
400,Snake,/topic/9486/snake
401,proceso: paquete de herramientas para el diseño sonoro,/topic/9476/proceso-paquete-de-herramientas-para-el-diseño-sonoro
402,This topic is deleted!,/topic/9431
403,Random Music Generator based on pong,/topic/8902/random-music-generator-based-on-pong
404,GM Program Changer for Fluidsynth,/topic/9405/gm-program-changer-for-fluidsynth
405,More Ambisonics Patches - B-Format Soundfield Manipulations,/topic/9397/more-ambisonics-patches-b-format-soundfield-manipulations
406,MEH-SYSTEM 1.0 released.,/topic/8127/meh-system-1-0-released
407,I've a problem with ReacTivision fiducial marker,/topic/9378/i-ve-a-problem-with-reactivision-fiducial-marker
408,This topic is deleted!,/topic/9351
409,Drag-n-drop example,/topic/9336/drag-n-drop-example
410,This topic is deleted!,/topic/9294
411,Yet another synth.,/topic/3497/yet-another-synth
412,Ocean wave generator using pink noise,/topic/9215/ocean-wave-generator-using-pink-noise
413,360 degree panning,/topic/9214/360-degree-panning
414,Pure Data audio visualisation patch,/topic/9180/pure-data-audio-visualisation-patch
415,Simple drum sequencer using noise~ and filters,/topic/9203/simple-drum-sequencer-using-noise-and-filters
416,This topic is deleted!,/topic/9202
417,Guitar effects,/topic/9191/guitar-effects
418,Text from one file on different lines in GEM,/topic/7990/text-from-one-file-on-different-lines-in-gem
419,Granular synth G-synth,/topic/8846/granular-synth-g-synth
420,Expressive Distortion (by transfer function),/topic/9088/expressive-distortion-by-transfer-function
421,Expressive Distortion (for your guitar or any input),/topic/9077/expressive-distortion-for-your-guitar-or-any-input
422,A simple TIMER,/topic/8604/a-simple-timer
423,rg.ambi~ Ambisonics Abstractions for Pd,/topic/9071/rg-ambi-ambisonics-abstractions-for-pd
424,#help mixer brani aiff,/topic/9050/help-mixer-brani-aiff
425,total newbie - how to set up 16 rotary MIDI CC messages to OSC,/topic/9043/total-newbie-how-to-set-up-16-rotary-midi-cc-messages-to-osc
426,MouseState_hid,/topic/9021/mousestate_hid
427,The PD Death Timer,/topic/8960/the-pd-death-timer
428,GUI float,/topic/8950/gui-float
429,Baby monitor (& harmonizer),/topic/8856/baby-monitor-harmonizer
430,A Very Simple way to use vb.net to control Pd via mrpeach/udpreceive,/topic/8935/a-very-simple-way-to-use-vb-net-to-control-pd-via-mrpeach-udpreceive
431,[metromidi~} Metronome/MIDI clock source,/topic/8784/metromidi-metronome-midi-clock-source
432,carplus-strong algorithm (sic),/topic/8731/carplus-strong-algorithm-sic
433,A Chiming Analog Clock,/topic/8893/a-chiming-analog-clock
434,Patch to play midi with Makey Makey Arduino Board,/topic/8898/patch-to-play-midi-with-makey-makey-arduino-board
435,Eternal noise,/topic/7897/eternal-noise
436,Two snare patches.,/topic/8668/two-snare-patches
437,New Widget Synth,/topic/8350/new-widget-synth
438,MuVisu - an interactive tool for learning instruments,/topic/8811/muvisu-an-interactive-tool-for-learning-instruments
439,Four Organs for those without organs (no_organs),/topic/8787/four-organs-for-those-without-organs-no_organs
440,Juggle 4 Sounds at Random Speeds,/topic/8767/juggle-4-sounds-at-random-speeds
441,"How to draw arrows, yes baby :-)",/topic/8719/how-to-draw-arrows-yes-baby
442,AudioLooper~ with lots of features. (beta object in optimization),/topic/8751/audiolooper-with-lots-of-features-beta-object-in-optimization
443,a lava lamp,/topic/8730/a-lava-lamp
444,Bass drum synth,/topic/3532/bass-drum-synth
445,ALFATAPE 0.0.3,/topic/8631/alfatape-0-0-3
446,midi input for monophonic sinthesizers...,/topic/8697/midi-input-for-monophonic-sinthesizers
447,get msgfile to read .rtf,/topic/8646/get-msgfile-to-read-rtf
448,This topic is deleted!,/topic/8645
449,Additive / Subtractive / FM / AM Synth,/topic/8632/additive-subtractive-fm-am-synth
450,Phase Shifting in D Major,/topic/8610/phase-shifting-in-d-major
451,Stepwise vibrato - arpeggiate your input sound,/topic/5854/stepwise-vibrato-arpeggiate-your-input-sound
452,To set up text keyboard for musical note entry,/topic/8581/to-set-up-text-keyboard-for-musical-note-entry
453,Number interface,/topic/7912/number-interface
454,Audio file playback speed controller,/topic/8554/audio-file-playback-speed-controller
455,Another Looper (mobile friendly/vanilla),/topic/8551/another-looper-mobile-friendly-vanilla
456,Ear trainer/pitch tester,/topic/8537/ear-trainer-pitch-tester
457,Particle Music-Visualiser,/topic/8403/particle-music-visualiser
458,Harmonic series oscillators,/topic/8496/harmonic-series-oscillators
459,BOT,/topic/8478/bot
460,Pythagorean Tuning wheel,/topic/8433/pythagorean-tuning-wheel
461,Dirty Dubstep Bass,/topic/4264/dirty-dubstep-bass
462,FFT analyser,/topic/8444/fft-analyser
463,Any tips?,/topic/8391/any-tips
464,A Few Basic Drum Sounds,/topic/8225/a-few-basic-drum-sounds
465,ZORG SYNTHESIZER v.1.1,/topic/7981/zorg-synthesizer-v-1-1
466,The Polyphonic Polyrhythmer,/topic/8370/the-polyphonic-polyrhythmer
467,Drum Sequener w/ Weird Flam Device,/topic/8367/drum-sequener-w-weird-flam-device
468,PD Track (in a patch),/topic/8158/pd-track-in-a-patch
469,RCPNT-FM0.1 - FM synth with Lemur templates for iPad,/topic/8337/rcpnt-fm0-1-fm-synth-with-lemur-templates-for-ipad
470,Sound-on-sound looper with clear option,/topic/4571/sound-on-sound-looper-with-clear-option
471,Semi-random pitch generator (first real project),/topic/8315/semi-random-pitch-generator-first-real-project
472,Semi-random pitch generator (first real project),/topic/8314/semi-random-pitch-generator-first-real-project
473,Converting Volume Output To Decibels??? BINAURAL BEAT GENERATOR....,/topic/8308/converting-volume-output-to-decibels-binaural-beat-generator
474,"Sympathetic strings resonator, inspired by Samvada app",/topic/8269/sympathetic-strings-resonator-inspired-by-samvada-app
475,Can I pay you to make a PD patch for me?,/topic/8292/can-i-pay-you-to-make-a-pd-patch-for-me
476,Various oscillators,/topic/8304/various-oscillators
477,Anaconda,/topic/8298/anaconda
478,Waveshaper,/topic/6300/waveshaper
479,Various shapes oscillator,/topic/7783/various-shapes-oscillator
480,"Sympathetic strings resonator, inspired by Samvada app",/topic/8268/sympathetic-strings-resonator-inspired-by-samvada-app
481,Array manipulation patches,/topic/8263/array-manipulation-patches
482,Visual Feedback Loops,/topic/8233/visual-feedback-loops
483,Pitch Shifting with FFT,/topic/8213/pitch-shifting-with-fft
484,Universal logic gate for 2 bang streams,/topic/8196/universal-logic-gate-for-2-bang-streams
485,Monome/androidome live midi looping (plus midi loop abstraction),/topic/8185/monome-androidome-live-midi-looping-plus-midi-loop-abstraction
486,A-button,/topic/8179/a-button
487,Where can i find the radio-patches,/topic/8070/where-can-i-find-the-radio-patches
488,"Simple, fun CC generator",/topic/8022/simple-fun-cc-generator
489,This topic is deleted!,/topic/8037
490,"4""33",/topic/8011/4-33
491,Guitar Effects,/topic/7728/guitar-effects
492,Progress bar,/topic/8017/progress-bar
493,Text from one file on different lines in GEM,/topic/7991/text-from-one-file-on-different-lines-in-gem
494,SoundFlower in PureData,/topic/7988/soundflower-in-puredata
495,Stepsequencer for Launchpad,/topic/7953/stepsequencer-for-launchpad
496,Noisemaker,/topic/7918/noisemaker
497,'analogue' style volume levelling,/topic/1163/analogue-style-volume-levelling
498,Pd Drum Machine,/topic/6892/pd-drum-machine
499,Number interface,/topic/7911/number-interface
500,Noise-mod\_FM~,/topic/7898/noise-mod-_fm
501,Vl2s - list2symbol for vanilla,/topic/7574/vl2s-list2symbol-for-vanilla
502,A new signal polluter,/topic/7847/a-new-signal-polluter
503,Sequenced/Random FM thingy,/topic/7843/sequenced-random-fm-thingy
504,Effect sequencer/Looper,/topic/7875/effect-sequencer-looper
505,Auto-panning,/topic/7840/auto-panning
506,Pd pong,/topic/7859/pd-pong
507,Timing in PD patch,/topic/7844/timing-in-pd-patch
508,Another one sequencer,/topic/7846/another-one-sequencer
509,NASA\`s Global Surface Temperature Data,/topic/7797/nasa-s-global-surface-temperature-data
510,Pitch tester/trainer,/topic/7779/pitch-tester-trainer
511,Exponential/logarithmic triangle oscillator with breakpoint,/topic/7776/exponential-logarithmic-triangle-oscillator-with-breakpoint
512,My clonewheel organ,/topic/4796/my-clonewheel-organ
513,Breakpoint triangle oscillator,/topic/7763/breakpoint-triangle-oscillator
514,A granular-inspired delay patch,/topic/7759/a-granular-inspired-delay-patch
515,Bezier.pd,/topic/7117/bezier-pd
516,Exponential/logarithmic triangle oscillator,/topic/7716/exponential-logarithmic-triangle-oscillator
517,Some patches.,/topic/7684/some-patches
518,Reverse Reverb (DIY2 Pureverb modification),/topic/7612/reverse-reverb-diy2-pureverb-modification
519,Patch in return for help: midi keyboard controllable 7 band equalizer,/topic/3919/patch-in-return-for-help-midi-keyboard-controllable-7-band-equalizer
520,Yet another Sequencer (Buchla style not including randomizer),/topic/4543/yet-another-sequencer-buchla-style-not-including-randomizer
521,7-Band Parametric EQ,/topic/7224/7-band-parametric-eq
522,Launchpad mappings,/topic/3537/launchpad-mappings
523,Gui\_piano,/topic/7576/gui-_piano
524,Effects processor/instrument/sampler looper thing,/topic/1648/effects-processor-instrument-sampler-looper-thing
525,Time Stretching,/topic/2619/time-stretching
526,Sample masher and drum sequencer,/topic/4477/sample-masher-and-drum-sequencer
527,PD Synth - User Feedback Request.,/topic/7541/pd-synth-user-feedback-request
528,"QWERTY keyboard to MIDI patch, Two+ Octaves, Proper Note-off handling.",/topic/6149/qwerty-keyboard-to-midi-patch-two-octaves-proper-note-off-handling
529,A drum patch,/topic/7534/a-drum-patch
530,Android to Pd via OSC,/topic/3964/android-to-pd-via-osc
531,7segment old school display,/topic/7483/7segment-old-school-display
532,Guitar Synth - honors bendin & pbr - works with slide & whammy bar!,/topic/7479/guitar-synth-honors-bendin-pbr-works-with-slide-whammy-bar
533,Colorvideo over stereo signal video2sound2video,/topic/7442/colorvideo-over-stereo-signal-video2sound2video
534,Massive end of year project FINISHED ('JDX7'),/topic/7441/massive-end-of-year-project-finished-jdx7
535,Nice LFO,/topic/6851/nice-lfo
536,Circle of Fifths... Kinda generative,/topic/7430/circle-of-fifths-kinda-generative
537,Wavetable Synth,/topic/7424/wavetable-synth
538,16 Step Audio Sampler & Integrated Oscillating/MIDI Synthesizer,/topic/2263/16-step-audio-sampler-integrated-oscillating-midi-synthesizer
539,Generative music patch,/topic/6501/generative-music-patch
540,Any idea who made this 4ch pan,/topic/7369/any-idea-who-made-this-4ch-pan
541,Patch for algorithmic acid house,/topic/7345/patch-for-algorithmic-acid-house
542,Creating a mixing desk,/topic/7308/creating-a-mixing-desk
543,Sine representation,/topic/7298/sine-representation
544,Audio A/B,/topic/7284/audio-a-b
545,Pure Data Soundscape Patches,/topic/7264/pure-data-soundscape-patches
546,Blue Bird - A Shooting Game made with GEM.,/topic/7239/blue-bird-a-shooting-game-made-with-gem
547,Cross phase modulation,/topic/7235/cross-phase-modulation
548,"Help with Midi Routing - FCB1010, Sampletrigger, Line 6 Pocketpod",/topic/6474/help-with-midi-routing-fcb1010-sampletrigger-line-6-pocketpod
549,Speech Formant Synthesizer (With bonus Turkish vowels pack :P),/topic/3274/speech-formant-synthesizer-with-bonus-turkish-vowels-pack-p
550,Pure Data DAW,/topic/7170/pure-data-daw
551,3xosc,/topic/2261/3xosc
552,"Tuner - two panels, crossfading envelopin sampler patch",/topic/3323/tuner-two-panels-crossfading-envelopin-sampler-patch
553,PD Beatfader,/topic/7173/pd-beatfader
554,S-layer,/topic/7141/s-layer
555,How do i make a bell sound,/topic/7144/how-do-i-make-a-bell-sound
556,Looper-Effect KP3 style,/topic/7101/looper-effect-kp3-style
557,Well tempered clavier with sine tones,/topic/7070/well-tempered-clavier-with-sine-tones
558,ASR envelope array generator,/topic/7075/asr-envelope-array-generator
559,Video Mixer,/topic/7049/video-mixer
560,Yet another multi-effect for guitar (or whatever you plug in),/topic/6824/yet-another-multi-effect-for-guitar-or-whatever-you-plug-in
561,Cepstrum analysis,/topic/6980/cepstrum-analysis
562,1D Cellular Automata to MIDI patch,/topic/6942/1d-cellular-automata-to-midi-patch
563,Granita - minimalist granular synth,/topic/3266/granita-minimalist-granular-synth
564,Randarp,/topic/6861/randarp
565,How much would a patch flewn abord the space shuttle mission for Space,/topic/6914/how-much-would-a-patch-flewn-abord-the-space-shuttle-mission-for-space
566,Tor\_dc\_log,/topic/6929/tor-_dc-_log
567,Pd pong,/topic/330/pd-pong
568,Pitch detection for high freq,/topic/6855/pitch-detection-for-high-freq
569,Electro-Funk generator :),/topic/6862/electro-funk-generator
570,\[Linux\]Recorder,/topic/6823/linux-recorder
571,Multi-track playback,/topic/6722/multi-track-playback
572,JKP - Schema\#001,/topic/6821/jkp-schema-001
573,Bérenger\_Recoules-XY-pad-REMIX,/topic/6820/bérenger-_recoules-xy-pad-remix
574,JKP - MultiClavier,/topic/6819/jkp-multiclavier
575,JKP - VeeJayCarre,/topic/6818/jkp-veejaycarre
576,JKP - Générateur sonore de vie sociale (active social life generator),/topic/6817/jkp-générateur-sonore-de-vie-sociale-active-social-life-generator
577,SoundFx.osc-REMIX,/topic/6816/soundfx-osc-remix
578,JKP - Piano phase,/topic/6815/jkp-piano-phase
579,Wind (Drone) Sound Generator,/topic/6487/wind-drone-sound-generator
580,Squarefriender 0.2,/topic/6765/squarefriender-0-2
581,PAC-DATA (Pac Man programmed in Purte Data),/topic/6657/pac-data-pac-man-programmed-in-purte-data
582,Is it possible to sell a Pd patch?,/topic/6617/is-it-possible-to-sell-a-pd-patch
583,Gigote.pd : Gesture recognition for music - Drums with smartphone,/topic/6710/gigote-pd-gesture-recognition-for-music-drums-with-smartphone
584,"Pink Floyd ""On the Run""",/topic/6706/pink-floyd-on-the-run
585,Drum machine,/topic/6669/drum-machine
586,Nigredo - Granular/Spectral soundfile processing framework,/topic/6136/nigredo-granular-spectral-soundfile-processing-framework
587,Bezier Curve accomplished,/topic/4394/bezier-curve-accomplished
588,"Little FM-Synth, newbie Project",/topic/6437/little-fm-synth-newbie-project
589,Fingered Keyboard Tuner Patch,/topic/6667/fingered-keyboard-tuner-patch
590,Linux + PD + Korg Padkontrol + Native Mode,/topic/5125/linux-pd-korg-padkontrol-native-mode
591,Patch for controlling hardware sampler pitch bend values,/topic/6621/patch-for-controlling-hardware-sampler-pitch-bend-values
592,Hello my first patch for the world.,/topic/6619/hello-my-first-patch-for-the-world
593,Modulare,/topic/6512/modulare
594,KORG microKONTROL / native mode / linux / pd,/topic/6513/korg-microkontrol-native-mode-linux-pd
595,"TUIO Client in Pd Extended on MacOSX, problem with cursors",/topic/6305/tuio-client-in-pd-extended-on-macosx-problem-with-cursors
596,Over-complicated Metronome,/topic/6479/over-complicated-metronome
597,Wind (Drone) Sound Generator,/topic/6486/wind-drone-sound-generator
598,Patch (hid) for genius joystick max fighter f17 into midi controller,/topic/6497/patch-hid-for-genius-joystick-max-fighter-f17-into-midi-controller
599,Midi filters,/topic/6445/midi-filters
600,SmartSwitch.3 functions from a switch. Single&Double Tap and LongPress,/topic/6443/smartswitch-3-functions-from-a-switch-single-double-tap-and-longpress
601,Arpeggiator - need help,/topic/4919/arpeggiator-need-help
602,Impulse response,/topic/5916/impulse-response
603,"""winds of doom"" soundscape-generator",/topic/2767/winds-of-doom-soundscape-generator
604,IP camera,/topic/6428/ip-camera
605,BLOCKS - Visualising Performance Data in GEM (Pure Data),/topic/6337/blocks-visualising-performance-data-in-gem-pure-data
606,My live patch,/topic/1203/my-live-patch
607,Sample Player,/topic/928/sample-player
608,Random Sample Chopper,/topic/6291/random-sample-chopper
609,Chorus effect,/topic/5713/chorus-effect
610,A basic Video Mixer,/topic/5370/a-basic-video-mixer
611,Y'know... Linear equations.,/topic/6253/y-know-linear-equations
612,Detecting beat frequency with \[helmholtz~\],/topic/6258/detecting-beat-frequency-with-helmholtz
613,Spectral interpolation,/topic/6173/spectral-interpolation
614,Muvisu - a rythm-response-game written in pd,/topic/6232/muvisu-a-rythm-response-game-written-in-pd
615,Real-time control of the yamaha-dx11 synthesizer,/topic/5943/real-time-control-of-the-yamaha-dx11-synthesizer
616,Live sampling-looping,/topic/6172/live-sampling-looping
617,3D Gem GUI for separated audio/GUI performances (work in progress),/topic/6146/3d-gem-gui-for-separated-audio-gui-performances-work-in-progress
618,Useless\_patch\_thread,/topic/5990/useless-_patch-_thread
619,Hey! i graduated from casio emulators! got myself a juno.,/topic/806/hey-i-graduated-from-casio-emulators-got-myself-a-juno
620,Autopop: synthpop machine for Android tablets using PdDroidParty,/topic/5682/autopop-synthpop-machine-for-android-tablets-using-pddroidparty
621,Pd2live - digital music performance system,/topic/6023/pd2live-digital-music-performance-system
622,Randomzed noise drone,/topic/5351/randomzed-noise-drone
623,Fractal sequencer patch with instructions,/topic/6045/fractal-sequencer-patch-with-instructions
624,Natural tempered synth,/topic/6047/natural-tempered-synth
625,Natural tempered synth,/topic/6046/natural-tempered-synth
626,Slicerer (monome beat chopper),/topic/5973/slicerer-monome-beat-chopper
627,Semi-Automatic Video Remixer,/topic/2476/semi-automatic-video-remixer
628,Simple Preset Manager,/topic/5997/simple-preset-manager
629,\[game\] PD Arkenoid,/topic/5773/game-pd-arkenoid
630,JKP - Keyboards 909,/topic/4860/jkp-keyboards-909
631,Low speed analysis,/topic/5988/low-speed-analysis
632,Ambient landscape,/topic/623/ambient-landscape
633,Experimental,/topic/5563/experimental
634,Laala,/topic/535/laala
635,Sprung Joystick Utility,/topic/5945/sprung-joystick-utility
636,EWOCvj videomixer.,/topic/5918/ewocvj-videomixer
637,Audio analysis for QLC,/topic/5913/audio-analysis-for-qlc
638,Weird cyclic ring-mod tones,/topic/5926/weird-cyclic-ring-mod-tones
639,Weird cyclic ring-mod tones,/topic/5925/weird-cyclic-ring-mod-tones
640,MidiLoops - aleatoric midi sequencer,/topic/5896/midiloops-aleatoric-midi-sequencer
641,Octave harmonizer,/topic/5862/octave-harmonizer
642,Happy New Year mister Cage and to all of you.,/topic/5851/happy-new-year-mister-cage-and-to-all-of-you
643,Streaming audio into Pd,/topic/5861/streaming-audio-into-pd
644,Cellular Automata Synth,/topic/5791/cellular-automata-synth
645,JKP - Pure Mix,/topic/5844/jkp-pure-mix
646,JKP - Pure Decoupage,/topic/5843/jkp-pure-decoupage
647,\[droidparty\] JKP-Woop\_woop\_that's\_the\_sound\_of\_da\_police,/topic/5842/droidparty-jkp-woop-_woop-_that-s-_the-_sound-_of-_da-_police
648,Patches of the pd-list,/topic/5841/patches-of-the-pd-list
649,Alberto-Zin-Mondrian-Remix,/topic/5832/alberto-zin-mondrian-remix
650,JKP - Boite A Musique,/topic/5835/jkp-boite-a-musique
651,JKP - Cetroplong,/topic/5575/jkp-cetroplong
652,Seasons Greetings,/topic/1300/seasons-greetings
653,Tape Loops - aleatoric looper,/topic/5828/tape-loops-aleatoric-looper
654,FL-like Sampling Step-Sequencer,/topic/5810/fl-like-sampling-step-sequencer
655,Audio note attack detection,/topic/2685/audio-note-attack-detection
656,Collaboration on a patch,/topic/2303/collaboration-on-a-patch
657,A sad little bit of music,/topic/4078/a-sad-little-bit-of-music
658,Delay-bend,/topic/5787/delay-bend
659,DJ Patch,/topic/5770/dj-patch
660,Space encoding,/topic/1461/space-encoding
661,13osc bassline,/topic/4591/13osc-bassline
662,Please read this before posting in this section,/topic/5759/please-read-this-before-posting-in-this-section
663,Generative GEM patches,/topic/5716/generative-gem-patches
664,Randomized sample playback....,/topic/3708/randomized-sample-playback
665,CompDR drum generator,/topic/1622/compdr-drum-generator
666,Multi-voice wavtable synth (unfinished),/topic/5606/multi-voice-wavtable-synth-unfinished
667,M2 audio toy,/topic/1564/m2-audio-toy
668,SH-101 up and working,/topic/5509/sh-101-up-and-working
669,LaunchPics --Launchpad LED drawings,/topic/4007/launchpics-launchpad-led-drawings
670,Bonked beat slicer,/topic/2989/bonked-beat-slicer
671,Bad dreams,/topic/5377/bad-dreams
672,"Metronome which bangs every bar, main subdivision and others.",/topic/4972/metronome-which-bangs-every-bar-main-subdivision-and-others
673,Hard cuts. bre ak cor e.,/topic/5426/hard-cuts-bre-ak-cor-e
674,All new output2~ what?,/topic/5345/all-new-output2-what
675,JKP - Bangboum,/topic/5367/jkp-bangboum
676,JKP - Pure Phase Vocoder ( based on martin brinkmann code ),/topic/5366/jkp-pure-phase-vocoder-based-on-martin-brinkmann-code
677,Martin Brinkmann - ChaosMonster REMIX,/topic/5365/martin-brinkmann-chaosmonster-remix
678,Martin Brinkmann - Wii Plink REMIX,/topic/5364/martin-brinkmann-wii-plink-remix
679,Martin Brinkmann - Rns REMIX,/topic/5363/martin-brinkmann-rns-remix
680,JKP - Pure Natural Radio Data,/topic/5362/jkp-pure-natural-radio-data
681,JKP - Pure Infinite ( based on Pierre-Olivier Boulant code ),/topic/5360/jkp-pure-infinite-based-on-pierre-olivier-boulant-code
682,TouchOCS skin for iPhone/iPod Touch with pd file!,/topic/5356/touchocs-skin-for-iphone-ipod-touch-with-pd-file
683,A patch for Emotiv by GMac,/topic/4723/a-patch-for-emotiv-by-gmac
684,Quark - aleatoric midi sequencer,/topic/5317/quark-aleatoric-midi-sequencer
685,Pot\_2\_pd,/topic/2917/pot-_2-_pd
686,First complete patch,/topic/5310/first-complete-patch
687,Little midistepsequenzer,/topic/5282/little-midistepsequenzer
688,Algorithmic beat slicer,/topic/5229/algorithmic-beat-slicer
689,My little experimental FM based synthesiser,/topic/5270/my-little-experimental-fm-based-synthesiser
690,The Ball machine!,/topic/5278/the-ball-machine
691,Drone Tools,/topic/4709/drone-tools
692,Simple polysynth,/topic/4713/simple-polysynth
693,Pure Data patches with Tuio Client.,/topic/5252/pure-data-patches-with-tuio-client
694,WORKING MONOPHONIC SIGNAL-TO-MIDI PATCH FOR YOU,/topic/5240/working-monophonic-signal-to-midi-patch-for-you
695,Rc-patches,/topic/1786/rc-patches
696,My TouchOSC Beatmachine Patch,/topic/5199/my-touchosc-beatmachine-patch
697,Linux + PD + Korg Padkontrol + Native Mode,/topic/5124/linux-pd-korg-padkontrol-native-mode
698,Neurons,/topic/5118/neurons
699,ZODIAC - flow based sequencer and groovebox with GEM-GUI,/topic/5041/zodiac-flow-based-sequencer-and-groovebox-with-gem-gui
700,Jkp - Bgucore Radio,/topic/4409/jkp-bgucore-radio
701,JKP - Pure Pads,/topic/4859/jkp-pure-pads
702,Lunetta module inspired pd simulation,/topic/5010/lunetta-module-inspired-pd-simulation
703,Vintage Drum Machine,/topic/2840/vintage-drum-machine
704,Granitique,/topic/4941/granitique
705,PdLive!,/topic/3361/pdlive
706,Psycho pitch delay,/topic/4823/psycho-pitch-delay
707,JKP - Pure Micro Ondes,/topic/4857/jkp-pure-micro-ondes
708,JKP - HorlogeTEnnis,/topic/4862/jkp-horlogetennis
709,JKP - Nanowerk,/topic/4861/jkp-nanowerk
710,JKP - Pure Alarme (based on andy farnell code),/topic/4858/jkp-pure-alarme-based-on-andy-farnell-code
711,JKP - Pure Mosquito,/topic/4855/jkp-pure-mosquito
712,JKP - Pure Hexter,/topic/4854/jkp-pure-hexter
713,GEM audio? video 2 channel mixer!,/topic/4848/gem-audio-video-2-channel-mixer
714,Non repeated keys,/topic/4759/non-repeated-keys
715,Audio floatstream in the message domain,/topic/4787/audio-floatstream-in-the-message-domain
716,Step Sequencer/Patential MLR patch to be created...,/topic/4726/step-sequencer-patential-mlr-patch-to-be-created
717,Universal bus,/topic/4781/universal-bus
718,Leslie attempt,/topic/4744/leslie-attempt
719,Controlling Puredata with Android (via OSC),/topic/4731/controlling-puredata-with-android-via-osc
720,Mnmewvtbl and mnme64lfo,/topic/4728/mnmewvtbl-and-mnme64lfo
721,TouchOSc Traktor ALL FINNISHED,/topic/4688/touchosc-traktor-all-finnished
722,Minimalchine,/topic/4700/minimalchine
723,Babby's first patch - MIDI sequencer,/topic/4703/babby-s-first-patch-midi-sequencer
724,FFT Abstraction,/topic/4508/fft-abstraction
725,XmiX announce,/topic/4660/xmix-announce
726,More boredom,/topic/4651/more-boredom
727,Midi controller refresh rate evaluation patch : join the benchmark !,/topic/4636/midi-controller-refresh-rate-evaluation-patch-join-the-benchmark
728,Stuttering Drum,/topic/4627/stuttering-drum
729,Yet another distortion/overdrive patch,/topic/4625/yet-another-distortion-overdrive-patch
730,Synthetic drum-machine with chaos super-powers,/topic/4613/synthetic-drum-machine-with-chaos-super-powers
731,Robot voice,/topic/4623/robot-voice
732,Speeding up video,/topic/4579/speeding-up-video
733,Multiple-stage toggles,/topic/4163/multiple-stage-toggles
734,Bored,/topic/4583/bored
735,Drummer thing,/topic/4592/drummer-thing
736,Canvas manipulation,/topic/4120/canvas-manipulation
737,Patch for Controlling Ardour with TouchOSC,/topic/4574/patch-for-controlling-ardour-with-touchosc
738,Happy Holidays Pdeople!,/topic/4553/happy-holidays-pdeople
739,Auto-music,/topic/4178/auto-music
740,JKP - Pure DJ,/topic/4469/jkp-pure-dj
741,Vocoder Thingy (realtime vocal sampler),/topic/2867/vocoder-thingy-realtime-vocal-sampler
742,Tinkerbell Map drones,/topic/4419/tinkerbell-map-drones
743,Jkp - pulsar,/topic/4406/jkp-pulsar
744,Darwiinremoteosc and pd,/topic/1711/darwiinremoteosc-and-pd
745,Jkp - pure piano,/topic/4444/jkp-pure-piano
746,My Patch a Day Month,/topic/4417/my-patch-a-day-month
747,Jkp - inside linux,/topic/4418/jkp-inside-linux
748,Jkp - un apres midi de pluie,/topic/4413/jkp-un-apres-midi-de-pluie
749,Jkp - la souris déglinguée,/topic/4408/jkp-la-souris-déglinguée
750,.....very NOOB patches....just for fun...,/topic/4410/very-noob-patches-just-for-fun
751,....another nooob works....see my post before...,/topic/4411/another-nooob-works-see-my-post-before
752,Jkp - fmr,/topic/4407/jkp-fmr
753,Jkp - une souris verte,/topic/4405/jkp-une-souris-verte
754,Jkp - une sirene,/topic/4404/jkp-une-sirene
755,University of York Weather Station Sonification/Visualisation,/topic/4353/university-of-york-weather-station-sonification-visualisation
756,Tracker,/topic/4284/tracker
757,Polyphonic guitar system for linear expression,/topic/3969/polyphonic-guitar-system-for-linear-expression
758,A few random tones with filters,/topic/3984/a-few-random-tones-with-filters
759,Identify the pitch,/topic/4370/identify-the-pitch
760,Pd sound editor 0.0.1,/topic/1221/pd-sound-editor-0-0-1
761,Gem paint,/topic/4258/gem-paint
762,Light Painting,/topic/3349/light-painting
763,Drums4dummies,/topic/4152/drums4dummies
764,Wat ^ ~,/topic/4286/wat
765,Sequenced pitchshifting,/topic/4287/sequenced-pitchshifting
766,Flexible Step Sequencers For Pd Vanilla,/topic/4232/flexible-step-sequencers-for-pd-vanilla
767,DEL.SAMP,/topic/4019/del-samp
768,Radio Tuner,/topic/4260/radio-tuner
769,Dynamic target sliders,/topic/4242/dynamic-target-sliders
770,Sequencers,/topic/4171/sequencers
771,FM sequencer,/topic/4224/fm-sequencer
772,FM sequencer,/topic/4223/fm-sequencer
773,Generative music,/topic/4209/generative-music
774,Learning the musical notation system with PD,/topic/4197/learning-the-musical-notation-system-with-pd
775,DnB-Machine,/topic/3529/dnb-machine
776,Drum machine,/topic/4150/drum-machine
777,Collision,/topic/4148/collision
778,One more Fm synth,/topic/4076/one-more-fm-synth
779,"A Patch, but Gem",/topic/518/a-patch-but-gem
780,Pegasus Drone,/topic/4102/pegasus-drone
781,Minimalistix,/topic/4132/minimalistix
782,My first patch a sampler/slicer/sequencer,/topic/4127/my-first-patch-a-sampler-slicer-sequencer
783,Basic?fm,/topic/4117/basic-fm
784,RecSound8,/topic/4116/recsound8
785,Matrix mixer,/topic/4113/matrix-mixer
786,Spiral (sequencer),/topic/4093/spiral-sequencer
787,Chebyshev polynomials,/topic/4083/chebyshev-polynomials
788,FreeBeats,/topic/3786/freebeats
789,Midi CC sequencer,/topic/4053/midi-cc-sequencer
790,7 op FM synthesis,/topic/3851/7-op-fm-synthesis
791,Bandlimited oscillators,/topic/4048/bandlimited-oscillators
792,Cubase TouchOSC Patch - Download,/topic/4042/cubase-touchosc-patch-download
793,JKP - Pure Natural Radio Data,/topic/4026/jkp-pure-natural-radio-data
794,JKP & a lot of people - Gloacqq,/topic/4025/jkp-a-lot-of-people-gloacqq
795,JKP & a lot of people - Zriinnz,/topic/4024/jkp-a-lot-of-people-zriinnz
796,JKP & a lot of people - Une boite,/topic/4023/jkp-a-lot-of-people-une-boite
797,Jazz drum,/topic/3799/jazz-drum
798,Loader and Playback,/topic/3992/loader-and-playback
799,NintenDrum -- 16\*8 NDS sequencer for PD,/topic/2029/nintendrum-16-8-nds-sequencer-for-pd
800,Line~,/topic/3952/line
801,Random Melody Generation,/topic/3778/random-melody-generation
802,"My 1st patch, etrcalc.pd",/topic/3822/my-1st-patch-etrcalc-pd
803,A Simple OSC controlled Video Mixer (GlovePIE + Wiimote),/topic/3823/a-simple-osc-controlled-video-mixer-glovepie-wiimote
804,Arcade Style Game - Asteroid Tracker,/topic/3785/arcade-style-game-asteroid-tracker
805,Random Melody Generation,/topic/3777/random-melody-generation
806,Minimoog style synthesizer,/topic/3743/minimoog-style-synthesizer
807,Time compression expanding,/topic/3681/time-compression-expanding
808,Easter egg,/topic/3602/easter-egg
809,VisualTracker - request for participants,/topic/3720/visualtracker-request-for-participants
810,JKP & a lot of people-Schrassh,/topic/3692/jkp-a-lot-of-people-schrassh
811,Loading recent audio files,/topic/3683/loading-recent-audio-files
812,JKP & Human Koala - Tschwiiip,/topic/3687/jkp-human-koala-tschwiiip
813,Wiimote Head Tracking,/topic/3678/wiimote-head-tracking
814,AU SECOURS - modifier un patch???,/topic/3503/au-secours-modifier-un-patch
815,JKP - Musicum Machina,/topic/3567/jkp-musicum-machina
816,Practical soft sync,/topic/3557/practical-soft-sync
817,16-step midi sequencer,/topic/3580/16-step-midi-sequencer
818,RustFM & rustMX,/topic/3573/rustfm-rustmx
819,Experimental fft freqshift,/topic/3571/experimental-fft-freqshift
820,Webcam Sequencer,/topic/2947/webcam-sequencer
821,Vertical text,/topic/3560/vertical-text
822,Reactivision simple fiducial marker patch,/topic/738/reactivision-simple-fiducial-marker-patch
823,Seq Sampler Loop,/topic/2842/seq-sampler-loop
824,Launchpad mappings,/topic/3536/launchpad-mappings
825,DnB-Machine,/topic/3528/dnb-machine
826,Soft-synth implementation,/topic/3515/soft-synth-implementation
827,Knob automation,/topic/3519/knob-automation
828,My first wavetable-synth,/topic/3511/my-first-wavetable-synth
829,Quack~,/topic/996/quack
830,RETRIX,/topic/3495/retrix
831,Basic 8 step sequencer - monome compatible,/topic/1525/basic-8-step-sequencer-monome-compatible
832,"Touch Screen Sequencer, PureData and Python",/topic/3480/touch-screen-sequencer-puredata-and-python
833,Handy little oxygen8 midi middleman patch,/topic/3477/handy-little-oxygen8-midi-middleman-patch
834,Sensory substitution in PD,/topic/3463/sensory-substitution-in-pd
835,"""how extended is pd-extended""-patch",/topic/3402/how-extended-is-pd-extended-patch
836,Colour signal,/topic/1039/colour-signal
837,Bluff,/topic/3379/bluff
838,Axiome: live sample cutting,/topic/1967/axiome-live-sample-cutting
839,My Granular Cloud delay,/topic/3382/my-granular-cloud-delay
840,Roads emulation,/topic/3345/roads-emulation
841,Grain beat sampler,/topic/3317/grain-beat-sampler
842,Pzycloop - simple sampler/looper/mangler/groover,/topic/2322/pzycloop-simple-sampler-looper-mangler-groover
843,Roads emulation,/topic/3344/roads-emulation
844,Roads emulation,/topic/3343/roads-emulation
845,Beat Slicer 2,/topic/2400/beat-slicer-2
846,PdiPod - Mrmr to Pd from iPhone & iPod Touch,/topic/1679/pdipod-mrmr-to-pd-from-iphone-ipod-touch
847,Lamixette - samples player for Reactable,/topic/3320/lamixette-samples-player-for-reactable
848,Step'N'go! (step-sequencer),/topic/3290/step-n-go-step-sequencer
849,Oscillator sequence (and random version),/topic/3263/oscillator-sequence-and-random-version
850,Live Looping Patch,/topic/2030/live-looping-patch
851,Conways Life,/topic/3276/conways-life
852,Synced samplers,/topic/3136/synced-samplers
853,Oscillator sequence (and random version),/topic/3262/oscillator-sequence-and-random-version
854,Ask community .Delay,/topic/3256/ask-community-delay
855,V2MSy is out (alpha),/topic/3214/v2msy-is-out-alpha
856,Grannie basher - delay line granulator,/topic/1824/grannie-basher-delay-line-granulator
857,Array based delay,/topic/2999/array-based-delay
858,Guitar fx rack,/topic/3121/guitar-fx-rack
859,Basic Wii patches for OSCulator/PD-extended combos,/topic/3103/basic-wii-patches-for-osculator-pd-extended-combos
860,Seq help patch,/topic/926/seq-help-patch
861,"Nvl - a ""riff machine"" project or ""just anothe slicer"" ;)",/topic/3081/nvl-a-riff-machine-project-or-just-anothe-slicer
862,Breakbeat - Resequencing.,/topic/1184/breakbeat-resequencing
863,Chorder,/topic/3075/chorder
864,Dropsound,/topic/3073/dropsound
865,10 band graph EQ,/topic/3072/10-band-graph-eq
866,Gem visuals,/topic/3050/gem-visuals
867,Random scale improvisation,/topic/2888/random-scale-improvisation
868,New user needs GEM help,/topic/3016/new-user-needs-gem-help
869,Bonked beat slicer,/topic/2988/bonked-beat-slicer
870,A visualizer I am working on,/topic/2451/a-visualizer-i-am-working-on
871,Problem with patch...,/topic/2956/problem-with-patch
872,Phase Shifter,/topic/2962/phase-shifter
873,My first real attempt at a patch.,/topic/2938/my-first-real-attempt-at-a-patch
874,A little Video Mixer,/topic/1991/a-little-video-mixer
875,Spectral mashing on the crazy machine,/topic/1570/spectral-mashing-on-the-crazy-machine
876,Rumble Box,/topic/2902/rumble-box
877,Bank of oscillators,/topic/2899/bank-of-oscillators
878,Bank of oscillators,/topic/2898/bank-of-oscillators
879,Bank of oscillators,/topic/2897/bank-of-oscillators
880,Bank of oscillators,/topic/2896/bank-of-oscillators
881,2 signals as 1,/topic/2895/2-signals-as-1
882,No signal then switch another channel,/topic/2868/no-signal-then-switch-another-channel
883,60 tables,/topic/2853/60-tables
884,Gemwin in multiscreen interface,/topic/2883/gemwin-in-multiscreen-interface
885,96-count master clock (for ACID patch),/topic/2875/96-count-master-clock-for-acid-patch
886,ACID Sequencer for MIDI controlled Analog Synth,/topic/2873/acid-sequencer-for-midi-controlled-analog-synth
887,Vline~ ramps,/topic/2864/vline-ramps
888,2 layers - text 2d with video,/topic/2849/2-layers-text-2d-with-video
889,Put every Nth value,/topic/2845/put-every-nth-value
890,Drum n Bass machine,/topic/2800/drum-n-bass-machine
891,Guitar multi-effects rig,/topic/2368/guitar-multi-effects-rig
892,"""Morphine"" - fx-morphing engine",/topic/2799/morphine-fx-morphing-engine
893,Random sine stacking - How do I adjust attack and decay?,/topic/2824/random-sine-stacking-how-do-i-adjust-attack-and-decay
894,Bruce Lee VS Chuck Norris,/topic/2825/bruce-lee-vs-chuck-norris
895,Techno/trance? ;,/topic/1795/techno-trance
896,Toxonic keymasher,/topic/2726/toxonic-keymasher
897,Recreate this max/msp live patch in PD??,/topic/2805/recreate-this-max-msp-live-patch-in-pd
898,Clock patch,/topic/2819/clock-patch
899,Drum-sampler,/topic/2815/drum-sampler
900,Chiptune,/topic/2648/chiptune
901,Random beat slicer,/topic/2796/random-beat-slicer
902,The Continuator - a similar patch in PD?,/topic/2797/the-continuator-a-similar-patch-in-pd
903,DRum machine,/topic/2364/drum-machine
904,I was really bored one day and decided to make some cool pd patch,/topic/2772/i-was-really-bored-one-day-and-decided-to-make-some-cool-pd-patch
905,Type something!!!,/topic/2780/type-something
906,Morse thing,/topic/2764/morse-thing
907,Lights with audio,/topic/2388/lights-with-audio
908,303 clone,/topic/2701/303-clone
909,Stutter,/topic/2741/stutter
910,"Tap Tempo, with fail",/topic/2728/tap-tempo-with-fail
911,Fiddle,/topic/2680/fiddle
912,How to generate an engine sound of a car using PD?,/topic/2669/how-to-generate-an-engine-sound-of-a-car-using-pd
913,Split screen video,/topic/2666/split-screen-video
914,Project in GEM/Pd,/topic/2659/project-in-gem-pd
915,Making actual sound (noob content),/topic/2179/making-actual-sound-noob-content
916,Modulating Volume by recorded sound,/topic/1849/modulating-volume-by-recorded-sound
917,Key-Taurs,/topic/2638/key-taurs
918,"Tap tempo, recpanel... my firstworks.",/topic/2450/tap-tempo-recpanel-my-firstworks
919,If you are interested in touchscreen applications and PureData....,/topic/2634/if-you-are-interested-in-touchscreen-applications-and-puredata
920,"Apple's ""Sudden Motion Sensor""",/topic/2481/apple-s-sudden-motion-sensor
921,MRMR and Resolume Osc Message patching,/topic/2610/mrmr-and-resolume-osc-message-patching
922,Mrmr - OSCemote,/topic/2274/mrmr-oscemote
923,Noise-\>osc,/topic/2218/noise-osc
924,Chaotic sounds with chebyshev polynomials and a delay line,/topic/2563/chaotic-sounds-with-chebyshev-polynomials-and-a-delay-line
925,BP Filter: better way + bypass,/topic/2552/bp-filter-better-way-bypass
926,First fiddle patch,/topic/2529/first-fiddle-patch
927,Big Clock for Live Performance,/topic/2543/big-clock-for-live-performance
928,"Nice Patch, SantiagoAtmospherico",/topic/2539/nice-patch-santiagoatmospherico
929,First Post - Random Pulse Generating Sampler,/topic/2514/first-post-random-pulse-generating-sampler
930,Autonomous Bassist anyone?,/topic/2503/autonomous-bassist-anyone
931,4opFM,/topic/2487/4opfm
932,Speed of playback,/topic/2486/speed-of-playback
933,Granulator,/topic/2440/granulator
934,Rhythm Recorder,/topic/2383/rhythm-recorder
935,What i think about pd,/topic/1632/what-i-think-about-pd
936,Simple patch,/topic/2430/simple-patch
937,16 step SQ with 8 pattern,/topic/2419/16-step-sq-with-8-pattern
938,Sampler,/topic/2403/sampler
939,ISO Rad Synth,/topic/2269/iso-rad-synth
940,TUIO/Reactivision getting PD/GEM to recognize fiducials,/topic/1527/tuio-reactivision-getting-pd-gem-to-recognize-fiducials
941,Waveshaping distortion with time dependence.,/topic/2307/waveshaping-distortion-with-time-dependence
942,Tuner patch?,/topic/2384/tuner-patch
943,Help needed for simple broken patch!,/topic/2372/help-needed-for-simple-broken-patch
944,Looper with overdub and punch PLUS storage in a table,/topic/2379/looper-with-overdub-and-punch-plus-storage-in-a-table
945,Looper with overdub and punch PLUS storage in a table,/topic/2378/looper-with-overdub-and-punch-plus-storage-in-a-table
946,Looper,/topic/1187/looper
947,Super Mario DJ,/topic/2373/super-mario-dj
948,Simple FM synth,/topic/2355/simple-fm-synth
949,How to organize hard disk space for older projects compatibility,/topic/1700/how-to-organize-hard-disk-space-for-older-projects-compatibility
950,Simple patching problem,/topic/2339/simple-patching-problem
951,Output a live stream?,/topic/2319/output-a-live-stream
952,Predators,/topic/2313/predators
953,Midi clock out?,/topic/2309/midi-clock-out
954,Distortion,/topic/2259/distortion
955,Audio Trigger For Video,/topic/2187/audio-trigger-for-video
956,Loop Points of Wav files in PD,/topic/2289/loop-points-of-wav-files-in-pd
957,"I know, I know it's a stutter patch",/topic/1988/i-know-i-know-it-s-a-stutter-patch
958,Bounce Sequencer,/topic/2251/bounce-sequencer
959,A simple 16 steps sequencer,/topic/2177/a-simple-16-steps-sequencer
960,Delay Pattern,/topic/2004/delay-pattern
961,Pixel painter,/topic/1193/pixel-painter
962,Patch art,/topic/2244/patch-art
963,Whammy Pedal,/topic/2183/whammy-pedal
964,Simple Delay,/topic/2197/simple-delay
965,Simple linear interpolation of tabread at message and audio rates,/topic/2198/simple-linear-interpolation-of-tabread-at-message-and-audio-rates
966,Random file selection,/topic/2190/random-file-selection
967,Abstractions and patches,/topic/2171/abstractions-and-patches
968,Self Generated Visual from input sounds...,/topic/2081/self-generated-visual-from-input-sounds
969,Looper with no arrays,/topic/2136/looper-with-no-arrays
970,Looper just with audio file,/topic/2135/looper-just-with-audio-file
971,Contiunous writing and reading arrays.,/topic/2111/contiunous-writing-and-reading-arrays
972,Theremin to MIDI Control program in Pd - help needed,/topic/1965/theremin-to-midi-control-program-in-pd-help-needed
973,Beat play,/topic/2069/beat-play
974,TouchOSC -\> Pure data -\> Midi,/topic/1992/touchosc-pure-data-midi
975,Aleatoric music,/topic/1975/aleatoric-music
976,Help please!!!,/topic/1963/help-please
977,"Waveguide guitar, or an exercise in killing your CPU",/topic/1823/waveguide-guitar-or-an-exercise-in-killing-your-cpu
978,In need of a granular delay,/topic/1919/in-need-of-a-granular-delay
979,Spigot Trouble,/topic/1934/spigot-trouble
980,Help with new patch,/topic/1931/help-with-new-patch
981,Flexable arpeggiator ?,/topic/1929/flexable-arpeggiator
982,Zexy \[sum\],/topic/1913/zexy-sum
983,Problem downloading patch from forum.,/topic/1922/problem-downloading-patch-from-forum
984,Timer Patch feedback request!,/topic/1921/timer-patch-feedback-request
985,Drum rolls,/topic/1916/drum-rolls
986,Start recording with fiddle~ (during live performance),/topic/1918/start-recording-with-fiddle-during-live-performance
987,Recursive algorithms in pd?,/topic/1902/recursive-algorithms-in-pd
988,Numbers and counter,/topic/1905/numbers-and-counter
989,Latency in PD,/topic/1890/latency-in-pd
990,Racetrack,/topic/1876/racetrack
991,Ticking patch,/topic/1863/ticking-patch
992,DIY Library - Part I - DIY-perk,/topic/1821/diy-library-part-i-diy-perk
993,Sample slicer with user-selectable slices,/topic/1844/sample-slicer-with-user-selectable-slices
994,Ladspa patch generator,/topic/1853/ladspa-patch-generator
995,A patch for rhythmic motive recognition?,/topic/1493/a-patch-for-rhythmic-motive-recognition
996,Soundscape patches with pd?,/topic/1845/soundscape-patches-with-pd
997,Fatosc~,/topic/1685/fatosc
998,'A' Game - using \[flashserver\],/topic/1832/a-game-using-flashserver
999,'A' Game - using \[flashserver\],/topic/1830/a-game-using-flashserver
1000,Mic feedback patch?,/topic/1815/mic-feedback-patch
1001,XY-MINI Audio Mode 01,/topic/1737/xy-mini-audio-mode-01
1002,Tremolo,/topic/1738/tremolo
1003,Buffery~ a cheap vanilla pd buffer override clone,/topic/1758/buffery-a-cheap-vanilla-pd-buffer-override-clone
1004,Samplooper Simple Six,/topic/1672/samplooper-simple-six
1005,Intsrument Patches,/topic/1744/intsrument-patches
1006,Parametric eq! got it!,/topic/1689/parametric-eq-got-it
1007,PD to max conversion,/topic/1730/pd-to-max-conversion
1008,Grid,/topic/1726/grid
1009,Oil drum harmonizer,/topic/1705/oil-drum-harmonizer
1010,DL4 Delay Clone,/topic/1693/dl4-delay-clone
1011,7 channels mixer,/topic/1703/7-channels-mixer
1012,Softkeyboard,/topic/1699/softkeyboard
1013,Woblay,/topic/1674/woblay
1014,This is going to make you freak,/topic/403/this-is-going-to-make-you-freak
1015,Random Note Value?,/topic/1671/random-note-value
1016,Next Tricky Problem,/topic/1669/next-tricky-problem
1017,Woblay,/topic/1673/woblay
1018,Recording,/topic/1649/recording
1019,Help for my patch,/topic/1646/help-for-my-patch
1020,ShutDown,/topic/1644/shutdown
1021,Drum machine,/topic/1627/drum-machine
1022,Midi-sequecing,/topic/1618/midi-sequecing
1023,"MakeNote, NoteOut sounds",/topic/1613/makenote-noteout-sounds
1024,Spectral mashing on the crazy machine,/topic/1569/spectral-mashing-on-the-crazy-machine
1025,New pdlab patches,/topic/1557/new-pdlab-patches
1026,Tribal Haus,/topic/1482/tribal-haus
1027,Generative Beats (where to start),/topic/1522/generative-beats-where-to-start
1028,Mousing arrays = frustrating,/topic/1505/mousing-arrays-frustrating
1029,Simon game,/topic/1344/simon-game
1030,Does anyone have this patch,/topic/1459/does-anyone-have-this-patch
1031,PD help!,/topic/1428/pd-help
1032,44 modules ARGOPd,/topic/1381/44-modules-argopd
1033,4xZEN\_deZint3grat0r,/topic/1373/4xzen-_dezint3grat0r
1034,A couple new patches now posted,/topic/1365/a-couple-new-patches-now-posted
1035,An early collection of objects by sunji,/topic/1357/an-early-collection-of-objects-by-sunji
1036,Sputnik,/topic/1345/sputnik
1037,Arppegiator,/topic/1347/arppegiator
1038,DaGembake,/topic/1265/dagembake
1039,My little ugly patch + yelp:),/topic/1258/my-little-ugly-patch-yelp
1040,My first 'proper' patch!,/topic/1227/my-first-proper-patch
1041,Sfplay~,/topic/932/sfplay
1042,The masher,/topic/1190/the-masher
1043,Osc wave form,/topic/1196/osc-wave-form
1044,Reactivision to reaktor patch,/topic/920/reactivision-to-reaktor-patch
1045,Voicing framework,/topic/1124/voicing-framework
1046,Voicing framework,/topic/1123/voicing-framework
1047,A rough draft...,/topic/1175/a-rough-draft
1048,Converssion in Max/MSP,/topic/1165/converssion-in-max-msp
1049,Boring\_tv\_series\_with\_new\_(evil)\_fm\_soundtrack,/topic/1151/boring-_tv-_series-_with-_new-_-evil-_fm-_soundtrack
1050,Something to bring us all back down to Earth.,/topic/1129/something-to-bring-us-all-back-down-to-earth
1051,Slider with a range from 0 to 1 with a step in float,/topic/1141/slider-with-a-range-from-0-to-1-with-a-step-in-float
1052,Manual converssion of a PD patch in Max/MSP,/topic/1138/manual-converssion-of-a-pd-patch-in-max-msp
1053,"ASR Envelope, help!!",/topic/1126/asr-envelope-help
1054,The JJ,/topic/1125/the-jj
1055,Anyone working with chiptunes or console emulation?,/topic/1092/anyone-working-with-chiptunes-or-console-emulation
1056,DirtyGrains,/topic/1116/dirtygrains
1057,Tiles,/topic/1112/tiles
1058,Whether weather data can excel,/topic/1076/whether-weather-data-can-excel
1059,Nognesnt,/topic/1069/nognesnt
1060,Synth patches,/topic/1052/synth-patches
1061,I need to build a sequence.,/topic/1045/i-need-to-build-a-sequence
1062,Zero.pd,/topic/1038/zero-pd
1063,Matric Feedback LFOs,/topic/1031/matric-feedback-lfos
1064,Table Tennis,/topic/1027/table-tennis
1065,Pdlab new releases::,/topic/1021/pdlab-new-releases
1066,Kirk here...,/topic/995/kirk-here
1067,Byte to Int Patch,/topic/938/byte-to-int-patch
1068,Writesf~ (recording of session),/topic/916/writesf-recording-of-session
1069,Some synth and other things,/topic/924/some-synth-and-other-things
1070,Some pd toys,/topic/905/some-pd-toys
1071,R~/s~ question,/topic/921/r-s-question
1072,Float arming,/topic/914/float-arming
1073,Float arming,/topic/913/float-arming
1074,Memory/cpu consume,/topic/902/memory-cpu-consume
1075,Selective random,/topic/875/selective-random
1076,The tetris game made in PD,/topic/689/the-tetris-game-made-in-pd
1077,Sea waves ambient generator,/topic/873/sea-waves-ambient-generator
1078,Analogue-style envelope (that eats CPUs for breakfast),/topic/872/analogue-style-envelope-that-eats-cpus-for-breakfast
1079,Space Invaders 4D - Game,/topic/868/space-invaders-4d-game
1080,Racing through synthesizer history. any help appreciated.,/topic/822/racing-through-synthesizer-history-any-help-appreciated
1081,Film Music patch,/topic/864/film-music-patch
1082,Which patch is faster?,/topic/853/which-patch-is-faster
1083,Lfo and reso filter help,/topic/834/lfo-and-reso-filter-help
1084,"Beer program, Pure Gravel/stones game, MIDI transpose",/topic/830/beer-program-pure-gravel-stones-game-midi-transpose
1085,Ring'o'ding,/topic/777/ring-o-ding
1086,Joystick soundhuddle,/topic/763/joystick-soundhuddle
1087,Voice allocation,/topic/766/voice-allocation
1088,"More casio sounds. this time, the cz-1000 gets kind of emulated.",/topic/599/more-casio-sounds-this-time-the-cz-1000-gets-kind-of-emulated
1089,Six String Arpeggiator,/topic/740/six-string-arpeggiator
1090,Reactivision enabled metronome patch,/topic/733/reactivision-enabled-metronome-patch
1091,Question about xYzee.,/topic/722/question-about-xyzee
1092,External beat randomizer...,/topic/672/external-beat-randomizer
1093,Audio recognition,/topic/682/audio-recognition
1094,Has anybody seen a video mixer patch?,/topic/116/has-anybody-seen-a-video-mixer-patch
1095,Poo.pd,/topic/508/poo-pd
1096,Lame Ae Patch,/topic/554/lame-ae-patch
1097,A patch,/topic/626/a-patch
1098,WOPI,/topic/630/wopi
1099,A patch,/topic/625/a-patch
1100,Ambient landscape,/topic/622/ambient-landscape
1101,Simple ways to enhance my first patch?,/topic/616/simple-ways-to-enhance-my-first-patch
1102,My gem kaleidescope patch,/topic/611/my-gem-kaleidescope-patch
1103,Pd casiotone,/topic/576/pd-casiotone
1104,Secret synths?,/topic/559/secret-synths
1105,Anyone for a nice cup of tea?,/topic/373/anyone-for-a-nice-cup-of-tea
1106,Value Recorder,/topic/522/value-recorder
1107,Help needed with PD externals,/topic/439/help-needed-with-pd-externals
1108,Mumble,/topic/489/mumble
1109,Hillageizer,/topic/500/hillageizer
1110,"My latest ""finished"" pach udm v1.0",/topic/130/my-latest-finished-pach-udm-v1-0
1111,How do you timestretch?,/topic/185/how-do-you-timestretch
1112,PD cyclone gate object problem,/topic/415/pd-cyclone-gate-object-problem
1113,PD file read for heterogenous data file,/topic/413/pd-file-read-for-heterogenous-data-file
1114,Logic audio style matrix editor,/topic/402/logic-audio-style-matrix-editor
1115,Mechanical noises (new sound design tutorials),/topic/392/mechanical-noises-new-sound-design-tutorials
1116,Auto recorder,/topic/390/auto-recorder
1117,Bofibof bad bass generator,/topic/249/bofibof-bad-bass-generator
1118,Play with your fingers :),/topic/387/play-with-your-fingers
1119,Cheesy Biscuit Box (special giftset edition),/topic/358/cheesy-biscuit-box-special-giftset-edition
1120,Debuging,/topic/380/debuging
1121,Make 50 pairs of tables,/topic/230/make-50-pairs-of-tables
1122,Fx-instruments ?!,/topic/155/fx-instruments
1123,A french (sorry) explanation of structures in PD s,/topic/14/a-french-sorry-explanation-of-structures-in-pd-s
1124,Problem with patch using,/topic/117/problem-with-patch-using
1125,First patches from a noob,/topic/48/first-patches-from-a-noob
1126,A patch that record the past,/topic/3/a-patch-that-record-the-past
1127,And now the english version on structures,/topic/15/and-now-the-english-version-on-structures
